id,documentId,it,ru,fontSize,correctAnswer,answerTime,createdAt,updatedAt,publishedAt,locale
1,"iart8ejpdvlkqodaahfbnhxo","padre","отец",16,true,30,"2025-04-16T09:44:02.597Z","2025-04-20T16:55:40.219Z","",""
3,"fe7v6ry84b6nflk8apccgj5r","madre","мать",16,true,30,"2025-04-16T09:44:37.461Z","2025-04-20T16:55:34.975Z","",""
5,"uih11trqsp3sqfjjoyvv76ok","marito","муж",16,true,30,"2025-04-16T09:44:59.659Z","2025-04-20T16:55:36.926Z","",""
7,"khz6t60vpskuzh7ihq7g8pwq","moglie","жена",16,true,30,"2025-04-16T09:45:22.344Z","2025-04-16T09:51:11.989Z","",""
9,"wrdx7xp8is5a2gm6gtdaz9hl","figlio","сын",16,true,30,"2025-04-16T09:45:48.160Z","2025-04-20T16:55:32.917Z","",""
11,"mt5k81oe9p3j70s0bepjtyds","figlia","дочь",16,true,30,"2025-04-16T09:46:23.041Z","2025-04-20T16:55:31.467Z","",""
13,"iszgcsserm8ksc0aej7h553b","nonno","дед",16,true,30,"2025-04-16T09:46:38.046Z","2025-04-20T16:55:38.246Z","",""
15,"ftpc9jllsbaswo3tx2dd3h4t","nonna","бабушка",16,true,30,"2025-04-16T09:46:53.902Z","2025-04-16T09:47:36.237Z","",""
25,"qexpryqsw0615pkng4vg5g8t","figlia","бабушка",16,false,30,"2025-04-16T09:48:43.617Z","2025-04-20T16:55:32.148Z","",""
27,"p24fj1qtasx3fj8psyi0ma8w","figlio","муж",16,false,30,"2025-04-16T09:49:28.812Z","2025-04-20T16:55:33.644Z","",""
29,"e9tnau61pueqp0yy6yvu990x","madre","муж",16,false,30,"2025-04-16T09:49:55.461Z","2025-04-20T16:55:35.606Z","",""
31,"xntq0w3vbhh56aoytifh0w6e","marito","мать",16,false,30,"2025-04-16T09:50:20.299Z","2025-04-20T16:55:36.306Z","",""
35,"yapcv1fi5vkl1b673dkp6qmp","moglie","мать",16,true,30,"2025-04-16T09:52:00.521Z","2025-04-16T09:52:03.323Z","",""
37,"xgayxcwhl6oo7rncw8ootjt7","nonno","дед",16,true,30,"2025-04-16T09:53:09.619Z","2025-04-16T09:53:09.619Z","",""
39,"pe0yhz1vxg4sn2osdouf85l2","nonna","бабушка",16,true,30,"2025-04-16T09:53:37.733Z","2025-04-16T09:53:37.733Z","",""
41,"a0m04seo8slus1svki1jlhwn","suocero","тесть, свекор",16,true,30,"2025-04-16T09:54:03.114Z","2025-04-20T16:55:43.682Z","",""
43,"ggzs620the09u8uul9fn2tt7","suocera","теща, свекровь",16,true,30,"2025-04-16T09:54:25.186Z","2025-04-20T16:55:42.960Z","",""
45,"fkzxiccrsecurgh42w0e64d5","zio","дядя",16,true,30,"2025-04-16T09:54:41.963Z","2025-04-20T16:55:44.308Z","",""
47,"k8ub56pn8wntptlx9e9ldwmf","zia","тетя",16,true,30,"2025-04-16T09:54:55.892Z","2025-04-20T16:56:31.903Z","",""
50,"y302mo6fmtyzsd86a2r1s5dw","fratello","брат",16,true,30,"2025-04-16T09:55:13.598Z","2025-04-20T16:55:34.300Z","",""
52,"mniuup9w1y18jyshrabxtjk7","sorella","сестра",16,true,30,"2025-04-16T09:55:39.233Z","2025-04-20T16:55:42.238Z","",""
54,"fqtga6nrr39wb06vixg6o62b","medico","врач",16,true,30,"2025-04-16T11:59:11.196Z","2025-04-20T16:55:37.552Z","",""
56,"tbcu59xycyk3tm61yfdqqb66","operaio","рабочий",16,true,30,"2025-04-16T11:59:34.427Z","2025-04-20T16:55:38.901Z","",""
58,"d74eg88g5ag5vze2drtr32om","operaio","остановка",16,false,30,"2025-04-16T12:01:12.766Z","2025-04-20T16:55:39.579Z","",""
60,"ynmn2xme54lufdvckl7w4l21","posta","паста",16,false,30,"2025-04-16T12:03:56.892Z","2025-04-20T16:55:40.920Z","",""
62,"kxozq383wdxeu2jt30fhbq29","posta","почта",16,true,30,"2025-04-16T12:04:18.514Z","2025-04-20T16:55:41.575Z","",""
85,"iw9bdtl778oes2s31co2c67c","salve ","здравствуйте",16,true,30,"2025-04-19T18:41:52.399Z","2025-04-20T16:55:45.005Z","",""
87,"x98sez94pfgfhqewo9ke7zvi","salve ","знакомство",16,false,30,"2025-04-19T18:44:12.567Z","2025-04-20T16:55:45.724Z","",""
89,"ett4lwc1crldhaizk9g4rhvb"," prego","не за что ",16,true,30,"2025-04-19T18:45:21.722Z","2025-04-20T16:55:46.431Z","",""
91,"nkzyvquw24vdnilz120g4zfq","prego","пожалуйста",16,false,30,"2025-04-19T18:46:43.980Z","2025-04-20T16:55:47.149Z","",""
93,"p3yp43ezo95gkf5fe7bewpzh","Buonanotte ","Говорят перед сном, как «спокойной ночи».",16,true,30,"2025-04-19T18:48:33.166Z","2025-04-20T16:55:47.983Z","",""
95,"ehnfvdt854b38gwqmdf3klxl","Buonanotte — [буонанóттэ]","пожелание",16,false,30,"2025-04-19T18:49:50.052Z","2025-04-20T16:55:48.613Z","",""
97,"c1eilrzt5mqm2bh7bbs5pl9v","Piacere di conoscerti "," Приятно познакомиться",16,true,30,"2025-04-19T18:50:57.762Z","2025-04-20T16:55:49.322Z","",""
99,"nli43vyxr0njmrv9gdj2ra0o","Piacere di conoscerti ","знакомство",16,"",30,"2025-04-19T18:52:14.007Z","2025-04-20T16:55:50.020Z","",""
101,"ia4e1cs9ljiwd4ipwya6ne8v"," Di niente","Не за что ",16,true,30,"2025-04-19T18:54:08.015Z","2025-04-20T16:55:50.647Z","",""
103,"mn6p4ctpfun19z8obhbxxyf7"," Per favore ","Пожалуйста ",16,true,30,"2025-04-19T18:55:17.173Z","2025-04-20T16:55:51.336Z","",""
105,"fj5tohuno62042kpgcein8f5","Per favore ","благодарность",16,"",30,"2025-04-19T18:56:05.101Z","2025-04-20T16:55:51.948Z","",""
107,"eesf8uh3ilinzg60dzzw5rfn","Ciao! ","Привет и пока",16,true,30,"2025-04-19T18:57:28.309Z","2025-04-20T16:55:52.570Z","",""
109,"inv369n0fmbz2uisno7k1y4q","Ciao! ","приветствие",16,"",30,"2025-04-19T18:58:20.543Z","2025-04-20T16:55:53.294Z","",""
111,"lt3qykowgn2bhnlpmfvylr6j","Come stai? "," Как дела?",16,true,30,"2025-04-19T18:59:32.939Z","2025-04-20T16:55:53.912Z","",""
113,"m3dfhwggv126kzbu39x6x44f","Come stai? ","идти",16,"",30,"2025-04-19T19:00:19.509Z","2025-04-20T16:55:54.556Z","",""
115,"ygxq22eddxv58ucf58i3atvy","Bene, grazie! ","Хорошо, спасибо!",16,true,30,"2025-04-19T19:01:30.409Z","2025-04-20T16:55:55.248Z","",""
117,"hpqjzvimpikygcso9awkh57u","Bene, grazie!","согласие",16,"",30,"2025-04-19T19:02:35.386Z","2025-04-20T16:55:55.965Z","",""
119,"obpw4l38pojmgfolsww1rip0","Mi chiamo Dasha "," Меня зовут Даша",16,true,30,"2025-04-19T19:03:41.791Z","2025-04-20T16:55:56.588Z","",""
121,"ccwu0d9ju6yozlbyx4m3c63q","Mi chiamo Dasha ","моя подруга Даша",16,"",30,"2025-04-19T19:04:44.067Z","2025-04-20T16:55:57.238Z","",""
123,"ycrt4vnbpgi7h5d873sh2mx5","Sono di Russia ","Я из России",16,true,30,"2025-04-19T19:05:40.546Z","2025-04-20T16:55:57.869Z","",""
125,"cxxf7ac3saczkpzpojff9w2u","Sono di Russia ","жить в России",16,"",30,"2025-04-19T19:06:53.504Z","2025-04-20T16:55:58.499Z","",""
127,"yk7yrg2w2o4y94opikc09f0w","Buongiorno ","Доброе утро / День",16,true,30,"2025-04-19T19:08:16.434Z","2025-04-20T16:55:59.139Z","",""
129,"a0jok45rvj92ogl366ky7lcf","Buongiorno ","поездка",16,"",30,"2025-04-19T19:09:26.323Z","2025-04-20T16:55:59.847Z","",""
131,"e36hycmfd2a4c081i64asmdr","Buonasera ","Добрый вечер",16,true,30,"2025-04-19T19:10:34.886Z","2025-04-20T16:56:00.525Z","",""
133,"v7zrul0p0zn89d4qs8p5pj28","Buonasera ","ночь",16,"",30,"2025-04-19T19:11:20.047Z","2025-04-20T16:56:01.201Z","",""
135,"an4e5z6inrbb4p0b8mv5pxb8","Buonanotte ","Спокойной ночи",16,true,30,"2025-04-19T19:12:58.380Z","2025-04-20T16:56:01.918Z","",""
137,"i8gtww0ib286q6iqgwtr2u8c","Buonanotte ","прогулка",16,"",30,"2025-04-19T19:13:55.712Z","2025-04-20T16:56:02.564Z","",""
139,"o62viz00lswk2w5is5yrhms8","Come ti chiami?"," Как тебя зовут",16,true,30,"2025-04-19T19:15:25.431Z","2025-04-20T16:56:03.205Z","",""
141,"qcay85xj78fpu35r8zud357e","Come ti chiami? ","заинтересованность",16,"",30,"2025-04-19T19:16:16.599Z","2025-04-20T16:56:03.945Z","",""
143,"ym0jp1yp01t6odqwbifvqrpm","Piacere ","Приятно познакомиться",16,true,30,"2025-04-19T19:19:27.631Z","2025-04-20T16:56:04.572Z","",""
145,"vw9mhrad3kzifb8gdp7rtedn","Piacere ","встреча",16,"",30,"2025-04-19T19:21:27.705Z","2025-04-20T16:56:05.200Z","",""
147,"rjr9xjws1rb9bfuq9261gz37","Come stai?","Как дела?",16,true,30,"2025-04-19T19:23:47.288Z","2025-04-20T16:56:05.901Z","",""
149,"w7qhlmrv0suh9sfu0so06lti","Come stai?","интерес",16,"",30,"2025-04-19T19:24:54.019Z","2025-04-20T16:56:06.546Z","",""
151,"y6phdl5zio9tfgzppdghosyr","Sto bene, grazie ","Хорошо, спасибо",16,true,30,"2025-04-19T19:26:17.011Z","2025-04-20T16:56:07.192Z","",""
153,"khunc95hs3q4zf2b2ocorrp1","Sto bene, grazie ","согласие",16,"",30,"2025-04-19T19:27:20.603Z","2025-04-20T16:56:07.835Z","",""
155,"rlixctmyanhkht2qq733jqex","E tu? ","А ты?",16,true,30,"2025-04-19T19:28:32.877Z","2025-04-20T16:56:08.467Z","",""
157,"tnfpz99wiq3jc0sa958vdcfu","E tu? ","вопрос",16,"",30,"2025-04-19T19:29:22.645Z","2025-04-20T16:56:09.087Z","",""
159,"b8a5ectc34e45l3u1p6na2mq","Scusa "," Извини",16,true,30,"2025-04-19T19:31:04.272Z","2025-04-20T16:56:09.730Z","",""
161,"o7udyiqpwnhhyxi5m0nitrxh","Scusa ","прощение",16,"",30,"2025-04-19T19:31:56.121Z","2025-04-20T16:56:10.397Z","",""
163,"ivcpyzb0kpf4y70ql8yvb01d","Di niente ","Не за что",16,true,30,"2025-04-19T19:32:53.676Z","2025-04-20T16:56:11.072Z","",""
165,"ykjhl5g2gqagplu9rsi6s9r7","Di niente ","удаление",16,"",30,"2025-04-19T19:34:54.455Z","2025-04-20T16:56:11.718Z","",""
167,"oq7jls54v2vxmv6ac30t25en","Sì ","Да",16,true,30,"2025-04-19T19:36:17.181Z","2025-04-20T16:56:12.352Z","",""
169,"xgfagtx26yhd9qvowulokw4w","Sì ","я",16,"",30,"2025-04-19T19:37:10.519Z","2025-04-20T16:56:12.987Z","",""
171,"frqaooebbv3frgv3b6erir08","No ","Нет",16,true,30,"2025-04-19T19:38:11.585Z","2025-04-20T16:56:13.691Z","",""
173,"nkcsd16qx0eyyfb2c93hie4b","No ","ты",16,"",30,"2025-04-19T19:38:53.373Z","2025-04-20T16:56:14.393Z","",""
175,"ml3662lwm89cvm06a00y9mlw","Dove? ","Где?",16,true,30,"2025-04-19T19:39:49.544Z","2025-04-20T16:56:15.110Z","",""
177,"hfqkzmdsyjthrw7goo0cnhu7","Dove? ","куда",16,"",30,"2025-04-19T19:40:42.576Z","2025-04-20T16:56:15.834Z","",""
179,"wt373xjvt0cmktx1vkbdgs0p","Quando? ","Когда",16,true,30,"2025-04-19T19:41:42.646Z","2025-04-20T16:56:16.489Z","",""
181,"fxmlhyt0qe7xiwx8l30ac1kb","Quando? ","куда",16,false,30,"2025-04-19T19:42:26.954Z","2025-04-20T16:56:17.106Z","",""
183,"fjmmi7y79obgg2vwlray6cu1","Perché? "," Почему?",16,true,30,"2025-04-19T19:43:33.644Z","2025-04-20T16:56:17.726Z","",""
185,"ercibxl93mfvj0dw6cbasdws","Perché? ","интерес",16,"",30,"2025-04-19T19:44:31.059Z","2025-04-20T16:56:18.344Z","",""
187,"nvqy8ivmm6zrz98kxucw66yk","Che cosa? "," Что?",16,true,30,"2025-04-19T19:45:29.290Z","2025-04-20T16:56:19.004Z","",""
189,"qg8rlchlr5iemi72ohc5dlep","Che cosa?","сколько",16,"",30,"2025-04-19T19:46:07.478Z","2025-04-20T16:56:19.747Z","",""
191,"gios3kk4v8y1goue0xi2rhyr","Chi? "," Кто?",16,true,30,"2025-04-19T19:46:59.883Z","2025-04-20T16:56:20.411Z","",""
193,"x10v8c5xurgng1v6acqoaf82","Chi? ","кому",16,"",30,"2025-04-19T19:47:43.578Z","2025-04-20T16:56:21.043Z","",""
195,"zalhykrl98cpvi74z7cb9n24","Casa ","Дом",16,true,30,"2025-04-19T19:48:40.148Z","2025-04-20T16:56:21.973Z","",""
197,"laqw9whbrxr0s15bf19hmg7i","Casa ","помещение",16,"",30,"2025-04-19T19:49:37.307Z","2025-04-20T16:56:22.600Z","",""
199,"s62t98m9yhh10fs0cu1f4g28","Amico","Друг",16,true,30,"2025-04-19T19:50:44.119Z","2025-04-20T16:56:23.223Z","",""
201,"owbkmr4o63v1u7xbjbpq9rlb","Amico ","друзья",16,"",30,"2025-04-19T19:51:46.646Z","2025-04-20T16:56:23.912Z","",""
203,"m1bn6edvghyu67f5lpoepklh","Lavoro ","Работа ",16,true,30,"2025-04-19T19:53:17.818Z","2025-04-20T16:56:24.532Z","",""
205,"xegl15o1s433jtoihoq3ot7p","Lavoro ","труд",16,false,30,"2025-04-19T19:54:05.759Z","2025-04-20T16:56:25.152Z","",""
207,"yn51y08zkmrukr8f0tmno7su","Cibo ","Еда",16,true,30,"2025-04-19T19:55:24.747Z","2025-04-20T16:56:25.773Z","",""
209,"isdonx4u21qo7qwyh9gehdpp","Cibo ","продукты",16,"",30,"2025-04-19T19:56:07.936Z","2025-04-20T16:56:26.473Z","",""
211,"pxhmonu5qvdhv4oc3pnr4er2","Acqua "," Вода",16,true,30,"2025-04-19T19:57:11.922Z","2025-04-20T16:56:27.106Z","",""
213,"b8lvdwm0j9pmyles1e41i3gs","Acqua ","озеро",16,"",30,"2025-04-19T19:58:39.044Z","2025-04-20T16:56:27.825Z","",""
215,"wu7qyreno6uiow0w7g9eccum","Caffè ","Кофе",16,true,30,"2025-04-19T20:01:47.441Z","2025-04-20T16:56:28.520Z","",""
217,"b5ks2y63l0opkrmuhyx1x1zc","Macchina ","Машина",16,true,30,"2025-04-19T20:03:44.628Z","2025-04-20T16:56:29.238Z","",""
219,"g8zye0xwxi5hwjyx2ip56i3p","Macchina","транспорт",16,"",30,"2025-04-19T20:05:50.548Z","2025-04-20T16:56:29.965Z","",""
221,"uwx63548ztejqguu751f1xyw","Telefono "," Телефон",16,true,30,"2025-04-19T20:07:00.565Z","2025-04-20T16:56:30.603Z","",""
223,"hjijlh34y34e9b5rfg5iaoho","Telefono ","оператор",16,"",30,"2025-04-19T20:07:56.231Z","2025-04-20T16:56:31.242Z","",""
317,"jgkcgj19h4f7ai088smy3217"," zero ","0",16,true,30,"2025-04-22T14:19:51.002Z","2025-04-22T14:19:51.002Z","",""
319,"o0zq1xv9jxxh1aw3tz74czmp","zero ","10",16,false,30,"2025-04-22T14:20:57.312Z","2025-04-22T14:20:57.312Z","",""
321,"zblku1dsp0wejvilrm0bct3l"," uno","1",16,true,30,"2025-04-22T14:22:12.667Z","2025-04-22T14:22:12.667Z","",""
323,"i6gv3tlo25acoqspuode3ypi"," uno","0",16,false,30,"2025-04-22T14:23:07.163Z","2025-04-22T14:23:07.163Z","",""
325,"exb70qjp63va30o1eqifbjig"," due","2",16,true,30,"2025-04-22T14:24:32.899Z","2025-04-22T14:24:32.899Z","",""
327,"xxgl42wfgumjmzejtwhc61ud","due","1",16,false,30,"2025-04-22T14:25:40.735Z","2025-04-22T14:25:40.735Z","",""
329,"esp2yllxo8u2c2fgzba9p57o","tre","3",16,true,30,"2025-04-22T14:28:04.907Z","2025-04-22T14:28:04.907Z","",""
331,"vh5u5tq0cfd7nqssxwuxfv94","quattro","4",16,true,30,"2025-04-22T14:29:42.008Z","2025-04-22T14:29:42.008Z","",""
333,"jaklh4x9v8uhev4rns4rnsvv","quattro","6",16,false,30,"2025-04-22T14:30:43.785Z","2025-04-22T14:30:43.785Z","",""
335,"cryi61m1k4lu248qvknnu3sq"," tre ","2",16,false,30,"2025-04-22T14:33:58.617Z","2025-04-22T14:33:58.617Z","",""
337,"qf19bysto66tzzt1t9t3oqa5"," cinque","5",16,true,30,"2025-04-22T14:40:20.424Z","2025-04-22T14:40:20.424Z","",""
339,"ngzn9qlua08jqkmukxnf5fat"," cinque","3",16,false,30,"2025-04-22T14:41:17.306Z","2025-04-22T14:41:17.306Z","",""
341,"rpm0pm0w2fk5p07ofhoy721i"," sei ","6",16,true,30,"2025-04-22T14:42:37.297Z","2025-04-22T14:42:37.297Z","",""
343,"kluxvp0qvkpqdaucaferpac7"," sei ","7",16,false,30,"2025-04-22T14:43:54.804Z","2025-04-22T14:43:54.804Z","",""
345,"b9r9v05oalj9lg34d3cdas60"," sette","7",16,true,30,"2025-04-22T14:45:00.549Z","2025-04-22T14:45:00.549Z","",""
347,"mxxvmy2lg3kryvt0ek32tequ","7 – sette","6",16,false,30,"2025-04-22T14:46:03.919Z","2025-04-22T14:46:03.919Z","",""
349,"asq9yiepuf357vpgfj3r4mug","otto","8",16,true,30,"2025-04-22T14:47:03.913Z","2025-04-22T14:47:03.913Z","",""
351,"q6xoczckmgpstqclq2a3ia0a","otto","3",16,false,30,"2025-04-22T14:48:25.662Z","2025-04-22T14:48:25.662Z","",""
353,"ud4fdmhrer0rombzf0brzbi5"," nove","9",16,true,30,"2025-04-22T14:49:25.002Z","2025-04-22T14:49:25.002Z","",""
355,"bkgsaa0n4qrkaqu597fljcvl"," nove","6",16,false,30,"2025-04-22T14:50:20.301Z","2025-04-22T14:50:20.301Z","",""
357,"fog84qjcs4v738rd73s0yh8u","dieci","10",16,true,30,"2025-04-22T14:51:15.793Z","2025-04-22T14:51:15.793Z","",""
359,"ufyolwbwibrqt65f7eyh53jt","dieci","100",16,false,30,"2025-04-22T14:52:24.456Z","2025-04-22T14:52:24.456Z","",""
361,"ddzax5bsp8rgvpe8rn671j1m"," undici","11",16,true,30,"2025-04-22T14:53:35.221Z","2025-04-22T14:53:35.221Z","",""
363,"pd842a54k4tnpjl9kpi0rnh2"," undici","7",16,false,30,"2025-04-22T14:54:41.508Z","2025-04-22T14:54:41.508Z","",""
365,"f5d6bocu58my8t4jc8ndq2dk","dodici ","12",16,true,30,"2025-04-22T14:56:04.362Z","2025-04-22T14:56:04.362Z","",""
369,"wuahiadbmc2n5fuakvhw1b2f"," dodici ","13",16,false,30,"2025-04-22T14:59:23.535Z","2025-04-22T14:59:23.535Z","",""
371,"o5prmcgr04m7fma0ky0xe6qz"," tredici ","13",16,true,30,"2025-04-22T15:00:35.602Z","2025-04-22T15:00:35.602Z","",""
373,"x3tn2z7cm5y1hhsqbuu9s7mn","tredici ","15",16,false,30,"2025-04-22T15:02:08.402Z","2025-04-22T15:02:08.402Z","",""
375,"jby9a40ihw985dt5f5g0c4rh"," quattordici","14",16,true,30,"2025-04-22T15:03:39.150Z","2025-04-22T15:03:39.150Z","",""
377,"qqar06jpq7if8g2fcm4resgd","quattordici","8",16,false,30,"2025-04-22T15:04:53.129Z","2025-04-22T15:04:53.129Z","",""
379,"htabh4mzjjjqalgvmmlblsyl"," quindici","15",16,true,30,"2025-04-22T15:05:58.491Z","2025-04-22T15:05:58.491Z","",""
381,"u07ztpn2a320uzl7y17t9bmn","quindici","20",16,false,30,"2025-04-22T15:07:03.301Z","2025-04-22T15:07:03.301Z","",""
383,"c4ozbpd8ablx1ou88cxoj8mb"," sedici","16",16,true,30,"2025-04-22T15:08:26.712Z","2025-04-22T15:08:26.712Z","",""
389,"sl2lvl9n2rx70reuz1qd73g6"," sedici","21",16,"",30,"2025-04-22T15:13:53.277Z","2025-04-22T15:13:53.277Z","",""
391,"lk2f77edevln68iactw0hn4j","diciassette","17",16,true,30,"2025-04-22T15:15:11.341Z","2025-04-22T15:15:11.341Z","",""
393,"ronp7y46ez2esax1ap1d3uzv"," diciassette","15",16,false,30,"2025-04-22T15:16:23.580Z","2025-04-22T15:16:23.580Z","",""
395,"ozara3j0yzvhmm4vop02df3u"," diciotto ","18",16,true,30,"2025-04-22T15:18:04.133Z","2025-04-22T15:18:04.133Z","",""
397,"x54toli2wmksx9hk2kvza6xh"," diciotto ","10",16,false,30,"2025-04-22T15:19:58.592Z","2025-04-22T15:19:58.592Z","",""
399,"uuhq8ftsy66qswqzlqltshrq"," diciannove","19",16,true,30,"2025-04-22T15:21:03.708Z","2025-04-22T15:21:03.708Z","",""
401,"wh3715mvw181ua7xf4cnsvml"," diciannove","2",16,false,30,"2025-04-22T15:22:12.452Z","2025-04-22T15:22:12.452Z","",""
403,"n5jl87rnvfafrxn1ufmi9top"," venti ","20",16,true,30,"2025-04-22T15:23:34.000Z","2025-04-22T15:23:34.000Z","",""
405,"uu3vcx5fhxy66f7pl2jle0xg"," venti ","10",16,false,30,"2025-04-22T15:25:01.106Z","2025-04-22T15:25:01.106Z","",""
407,"mmhdb2r9gi5nsbvi4bxlnamd"," trenta","30",16,true,30,"2025-04-22T15:26:04.956Z","2025-04-22T15:26:04.956Z","",""
409,"vsnl0b2bw5cw0arnpvvzr4g7","trenta","50",16,false,30,"2025-04-22T15:27:15.568Z","2025-04-22T15:27:15.568Z","",""
411,"ukofkrup0fvm9giz33btocl9","quaranta ","40",16,true,30,"2025-04-22T15:28:35.371Z","2025-04-22T15:28:35.371Z","",""
413,"ehlvk8tcluow4kp2kic8ia8x"," quaranta ","56",16,false,30,"2025-04-22T15:29:43.321Z","2025-04-22T15:29:43.321Z","",""
415,"y4ueq7rpx8ap0nx31tdwljon","cinquanta","50",16,true,30,"2025-04-22T15:30:56.084Z","2025-04-22T15:30:56.084Z","",""
417,"bawirjbzgzcp91tub2yzrqsw"," cinquanta","40",16,false,30,"2025-04-22T15:32:34.942Z","2025-04-22T15:32:34.942Z","",""
419,"obd5zllzsran3r6lg7yby8tn","sessanta","60",16,true,30,"2025-04-22T15:34:07.978Z","2025-04-22T15:34:07.978Z","",""
421,"v792zc1ipovo7e1mpapk4uo8","sessanta","70",16,false,30,"2025-04-22T15:35:22.648Z","2025-04-22T15:35:22.648Z","",""
423,"okha6blwzpwpm4pi4aij99sg","settanta","70 ",16,true,30,"2025-04-22T15:37:56.079Z","2025-04-22T15:37:56.079Z","",""
425,"tq3qssmp3x3zfn6v8uzmqzlt","settanta","60",16,false,30,"2025-04-22T15:38:58.448Z","2025-04-22T15:38:58.448Z","",""
427,"zmo9xe5hzz85ko5bb4s5j3q9","ottanta","80",16,true,30,"2025-04-22T15:40:00.523Z","2025-04-22T15:40:00.523Z","",""
429,"sxc5zjykekx2yzg2ytiqh3pw","ottanta","65",16,false,30,"2025-04-22T15:54:13.643Z","2025-04-22T15:54:13.643Z","",""
431,"powc8k92834vsyej9swnt0fj"," novanta","90",16,true,30,"2025-04-22T15:55:43.547Z","2025-04-22T15:55:43.547Z","",""
433,"sguewoggswbj1poblglx9aej"," novanta","100",16,false,30,"2025-04-22T15:56:58.391Z","2025-04-22T15:56:58.391Z","",""
435,"diq4d7bo6qja5lca1cj7xxcu","gatto "," кот",16,true,30,"2025-04-29T12:24:59.395Z","2025-04-29T12:24:59.395Z","",""
437,"lzhx3fwlwtoq7apvtpi2qm2l","gatto ","белка",16,false,30,"2025-04-29T12:26:14.993Z","2025-04-29T12:26:14.993Z","",""
439,"vy6jv68u34z2c8d54abx4x78","il libro"," книга",16,true,30,"2025-04-29T12:27:28.312Z","2025-04-29T12:27:28.312Z","",""
441,"n8kxzrmuqgfxgf3midyh7to0","il libro","буква",16,false,30,"2025-04-29T12:28:55.781Z","2025-04-29T12:28:55.781Z","",""
443,"nzlgdzg6u2jy19bst4uq42qa","i libri "," книги",16,true,30,"2025-04-29T12:30:15.450Z","2025-04-29T12:30:15.450Z","",""
445,"fvfidlcmki1mcz8ju2eaxb7w","i libri","язык",16,false,30,"2025-04-29T12:31:19.671Z","2025-04-29T12:31:19.671Z","",""
447,"sp16lexefv3zjbgpns65ci7k","il gatto "," кот",16,true,30,"2025-04-29T12:33:05.579Z","2025-04-29T12:33:05.579Z","",""
449,"lvoiztvw08t2p3gbdhqs97t7","il gatto ","белка",16,false,30,"2025-04-29T12:40:55.781Z","2025-04-29T12:40:55.781Z","",""
451,"vv3wim50c2uwa9j7hhl30lmp","i gatti"," коты",16,true,30,"2025-04-29T12:45:35.470Z","2025-04-29T12:45:35.470Z","",""
453,"w60fgpdg0ugpa8k6wce36jh9","lo zio"," дядя",16,true,30,"2025-04-29T12:46:42.562Z","2025-04-29T12:46:42.562Z","",""
455,"oaosmacepsm3wfj6kokzrd2x","lo zio ","коты",16,false,30,"2025-04-29T12:47:50.742Z","2025-04-29T12:47:50.742Z","",""
457,"a9ihdsqlujz1x51hntret1h9","lo zio ","дед",16,false,30,"2025-04-29T12:53:07.982Z","2025-04-29T12:53:07.982Z","",""
459,"nweu0o2vka8uv1judg8abrhx","gli zii "," дяди",16,true,30,"2025-04-29T12:54:53.949Z","2025-04-29T12:54:53.949Z","",""
461,"rct2oroy7pgz6bb18bo9gu4c","gli zii ","деды",16,false,30,"2025-04-29T12:56:11.477Z","2025-04-29T12:56:11.477Z","",""
463,"vkikqemdfvc5yy7utvwdhk9w","lo gnomo "," гном",16,true,30,"2025-04-29T12:57:26.795Z","2025-04-29T12:57:26.795Z","",""
465,"xafulp3oqylcew1dr8zse6dd","lo gnomo ","дядя",16,false,30,"2025-04-29T12:58:41.133Z","2025-04-29T12:58:41.133Z","",""
467,"g8mx9ltafgqiizxvmq0pnevy","gli gnomi"," гномы",16,true,30,"2025-04-29T13:00:02.617Z","2025-04-29T13:00:02.617Z","",""
469,"gx1oz2lb52tljjo30z1y2dhv","gli gnomi ","дяди",16,false,30,"2025-04-29T13:01:37.279Z","2025-04-29T13:01:37.279Z","",""
471,"wplv1raty5oo4wv5rj9v7eb1","lo psicologo "," психолог",16,true,30,"2025-04-29T13:03:28.352Z","2025-04-29T13:03:28.352Z","",""
473,"o760pvp8btjrjzx7g8i90997","lo psicologo ","друг",16,false,30,"2025-04-29T13:05:00.674Z","2025-04-29T13:05:00.674Z","",""
475,"y3l05cy4dq36gfq8gsloyl3e","gli psicologi "," психологи",16,true,30,"2025-04-29T13:06:14.565Z","2025-04-29T13:06:14.565Z","",""
477,"rbmjk3220vvjdvssfkhq66o2","gli psicologi ","друзья",16,false,30,"2025-04-29T13:07:18.488Z","2025-04-29T13:07:18.488Z","",""
479,"rfz18iqssne4fnleg0p5o6h0","lo specchio "," зеркало",16,true,30,"2025-04-29T13:08:39.539Z","2025-04-29T13:08:39.539Z","",""
481,"pgc55n52kkjcm4o3yzpvgrxs","lo specchio ","стекло",16,false,30,"2025-04-29T13:09:58.702Z","2025-04-29T13:09:58.702Z","",""
483,"l4524xkd4bn7xg06xkze4j6g","lo studente "," студент",16,true,30,"2025-04-29T13:11:17.552Z","2025-04-29T13:11:17.552Z","",""
485,"whjbjs3cgsbuwrnr9097xjtv","lo studente ","ученик",16,false,30,"2025-04-29T13:12:23.046Z","2025-04-29T13:12:23.046Z","",""
487,"s4l3d57ds2yup4u2at0istf7","gli spaghetti ","спагетти (макароны)",16,true,30,"2025-04-29T13:13:38.149Z","2025-04-29T13:13:38.149Z","",""
489,"xhecet8g13ushx6gmid1qtkp","gli spaghetti ","лапша",16,false,30,"2025-04-29T13:14:35.265Z","2025-04-29T13:14:35.265Z","",""
491,"ztw3p6pwatieic0lcaj9p8gr","la matita "," карандаш",16,true,30,"2025-04-29T13:15:57.045Z","2025-04-29T13:15:57.045Z","",""
493,"jyuo2t79r48r22bpfibtzgc6","la matita","пенал",16,false,30,"2025-04-29T13:17:20.290Z","2025-04-29T13:17:20.290Z","",""
495,"kff58e54yrenatph4ilgeecx","le matite","пеналы",16,false,30,"2025-04-29T13:18:44.760Z","2025-04-29T13:18:44.760Z","",""
497,"r16fe4i672n3a70mvx6jpvvg","la casa "," дом",16,true,30,"2025-04-29T13:19:56.686Z","2025-04-29T13:19:56.686Z","",""
499,"b8te41ia1xd5ykec4ie118nx","la casa ","комната",16,false,30,"2025-04-29T13:21:36.096Z","2025-04-29T13:21:36.096Z","",""
501,"a74rzyp8udrjo2d50xipzkd7","le case ","комнаты",16,false,30,"2025-04-29T13:23:02.383Z","2025-04-29T13:23:02.383Z","",""
503,"heg81u3eh9jcoo63usqdzvk5","l’errore "," ошибка",16,true,30,"2025-04-29T13:24:09.783Z","2025-04-29T13:24:09.783Z","",""
505,"f4hetaos4bk23r8d319vl2m7","l’errore ","неудача ",16,false,30,"2025-04-29T13:25:15.965Z","2025-04-29T13:25:15.965Z","",""
507,"rfjbmhapbukfb6f9x2tgukjc","gli errori "," ошибки",16,true,30,"2025-04-29T13:26:26.358Z","2025-04-29T13:26:26.358Z","",""
509,"ryyqni7nd7o2fpye7kfkc6nm","gli errori ","неудачи",16,false,30,"2025-04-29T13:27:25.526Z","2025-04-29T13:27:25.526Z","",""
511,"n5v204bmwziionn1hkg0v6dx","l’aula "," аудитория, классная комната",16,true,30,"2025-04-29T13:29:43.025Z","2025-04-29T13:29:43.025Z","",""
513,"lbdi4caqop60gtktd1sbpwre","l’aula ","помещение",16,false,30,"2025-04-29T13:30:49.200Z","2025-04-29T13:30:49.200Z","",""
515,"wq701crvqe2dh41vlwpr9n02","le aule ","аудитории, классные комнаты",16,true,30,"2025-04-29T13:32:28.411Z","2025-04-29T13:32:28.411Z","",""
517,"h93p100m0vqr7lwmj4o5s6mw","le aule ","помещения",16,false,30,"2025-04-29T13:34:06.952Z","2025-04-29T13:34:06.952Z","",""
519,"x56bcgwqxvi0v4hx64ql7wux","un aereo "," самолёт",16,true,30,"2025-04-29T13:36:06.431Z","2025-04-29T13:36:06.431Z","",""
521,"o790qq8refdy0nz51jck86ng","un aereo ","аэроплан",16,false,30,"2025-04-29T13:37:06.997Z","2025-04-29T13:37:06.997Z","",""
523,"pholppn2w3mjb4ml84nqjfkg","un treno "," поезд",16,true,30,"2025-04-29T13:38:18.274Z","2025-04-29T13:38:18.274Z","",""
525,"skk23khmi5m6ours08b76uzx","un treno — поезд","вагон",16,false,30,"2025-04-29T13:39:13.830Z","2025-04-29T13:39:13.830Z","",""
527,"q6jms042y4pzamw1oondke0n","uno zaino ","рюкзак",16,true,30,"2025-04-29T13:40:34.050Z","2025-04-29T13:40:34.050Z","",""
531,"se1ic73aj7n22tim9q3qjm30","uno zaino ","сумка",16,"",30,"2025-04-29T13:42:01.931Z","2025-04-29T13:42:01.931Z","",""
533,"szg4730inrsov108ipxvr83f","uno scoiattolo "," белка",16,true,30,"2025-04-29T13:47:22.788Z","2025-04-29T13:47:22.788Z","",""
535,"hmds41cqd5infzeimsgnqffk","uno scoiattolo","кот",16,false,30,"2025-04-29T13:48:20.988Z","2025-04-29T13:48:20.988Z","",""
537,"ow2go9photfj0tq1p1jctr7s","una palla ","мяч",16,true,30,"2025-04-29T13:49:55.232Z","2025-04-29T13:49:55.232Z","",""
539,"aoduedelajie7dbexi8r2dsu","una palla ","обруч",16,false,30,"2025-04-29T13:51:05.830Z","2025-04-29T13:51:05.830Z","",""
541,"dpkd8naqnqnq3ftj465jk6d5","una scena "," сцена",16,true,30,"2025-04-29T13:52:23.355Z","2025-04-29T13:52:23.355Z","",""
543,"ppabl3g51s1z5alg60mk8kc0","una scena ","театр",16,false,30,"2025-04-29T13:53:32.293Z","2025-04-29T13:53:32.293Z","",""
545,"b3ipi8ickpfbx1rtiogq249r","un’isola "," остров",16,true,30,"2025-04-29T13:55:17.882Z","2025-04-29T13:55:17.882Z","",""
547,"uxwtib2typkyefupge36ojon","un’isola ","берег",16,false,30,"2025-04-29T13:57:06.876Z","2025-04-29T13:57:06.876Z","",""
549,"cv04vo01u03cn9cg2adfh8tt","un’automobile "," автомобиль",16,true,30,"2025-04-29T13:58:08.186Z","2025-04-29T13:58:08.186Z","",""
551,"aki7m4ks1nwbf4h4qusm1tsi","un’automobile ","машина",16,false,30,"2025-04-29T13:59:58.989Z","2025-04-29T13:59:58.989Z","",""
557,"waps75nmz82xjzvdaeho0q4w","Cappotto","пальто",16,true,30,"2025-07-07T12:34:19.744Z","2025-07-07T13:33:07.385Z","",""
559,"kgjb7hm0aenwd6xqj95d56sl","Giacca","куртка",16,true,30,"2025-07-07T12:34:55.333Z","2025-07-07T13:33:39.887Z","",""
561,"ajvgili45yhff1j9rnisso7q","Giacca","шоколадка",16,false,30,"2025-07-07T12:35:22.343Z","2025-07-07T13:33:48.294Z","",""
563,"uby5j51mxulfquqmo6keiqnx","Impermeabile","плащ",16,true,30,"2025-07-07T12:35:58.779Z","2025-07-07T13:34:29.120Z","",""
565,"eg66c0lfi8pyv5nbil87vki4","Impermeabile","диван",16,false,30,"2025-07-07T12:36:16.767Z","2025-07-07T13:34:36.230Z","",""
567,"rmvizyqlhfufo2hdtjb5q4x5","Giacca a vento","ветровка",16,true,30,"2025-07-07T12:37:26.226Z","2025-07-07T13:35:17.778Z","",""
569,"e5lcvdr89ixw2m6ck8tqtxxo","Giacca a vento","коробка",16,false,30,"2025-07-07T12:37:40.371Z","2025-07-07T13:35:33.525Z","",""
571,"uim3gegymyeva7j48llhvo9g","Trench","Тренчкот",16,true,30,"2025-07-07T12:39:13.232Z","2025-07-07T13:36:47.452Z","",""
573,"t6jvhwlsvn2rnhqujmkio4a3","Trench","Факел",16,false,30,"2025-07-07T12:39:31.677Z","2025-07-07T13:37:11.735Z","",""
575,"juwgnw8ajgncadbujgan8wqc","Maglietta","Футболка",16,true,30,"2025-07-07T12:39:57.950Z","2025-07-07T13:37:55.160Z","",""
577,"x90e40y189nek8tnt6wscoha","Maglietta","Камера",16,false,30,"2025-07-07T12:41:26.858Z","2025-07-07T13:38:10.181Z","",""
579,"q1qe1nbz01tnyjfum8aghaqx","Camicia","Рубашка",16,true,30,"2025-07-07T13:26:24.373Z","2025-07-13T12:10:05.118Z","",""
581,"u1rhrck2o29etl009rpi8ks1","Camicia","Рубашка",16,false,30,"2025-07-07T13:27:02.863Z","2025-07-07T13:38:52.470Z","",""
583,"qejbu4yopd3co3gxs5ke83tj","Maglione","Свитер",16,true,30,"2025-07-07T13:27:57.204Z","2025-07-07T13:40:17.368Z","",""
585,"fu7uyzb0vskz3ctjwmsq6ikg","Maglione","Костюм",16,false,30,"2025-07-07T13:28:10.505Z","2025-07-07T13:40:30.488Z","",""
591,"tb8ynlfn8ri4u209pxoe1mlr","Sudadera con capucha","Толстовка с капюшоном",16,true,30,"2025-07-07T13:30:04.964Z","2025-07-07T13:30:04.964Z","",""
593,"vcnumncwalf8gpz4o7660z02","Sudadera con capucha","кардиган",16,false,30,"2025-07-07T13:30:37.877Z","2025-07-07T13:30:37.877Z","",""
610,"rnh56ub1sm9og7bvhteewtyi","Blusa","Блузка",16,true,30,"2025-07-07T15:53:31.440Z","2025-07-07T15:53:31.440Z","",""
612,"jcmzedq4jnhttxzrx8eeo8cw","Blusa","Румяный",16,false,30,"2025-07-07T15:53:51.779Z","2025-07-07T15:53:51.779Z","",""
614,"qbxvxn8chgxlyi6f04841jul","Jeans","Джинсы",16,true,30,"2025-07-07T15:54:16.305Z","2025-07-07T15:54:16.305Z","",""
616,"koa037fyzzk5tippyuu3au5u","Jeans","Шорты",16,false,30,"2025-07-07T15:54:34.337Z","2025-07-07T15:54:34.337Z","",""
618,"kwdwcw054t8qtfcx643d7lds","Pantaloni","Штаны",16,true,30,"2025-07-07T15:55:07.385Z","2025-07-07T15:55:07.385Z","",""
620,"niiksbmj1xp085c3kb7d09am","Pantaloni","Парашют",16,false,30,"2025-07-07T15:55:23.100Z","2025-07-07T15:55:23.100Z","",""
622,"ur9wx8rcvx43qwik8t6tttg2","Pantaloncini","Шорты",16,true,30,"2025-07-07T15:55:51.934Z","2025-07-07T15:55:51.934Z","",""
624,"djdbvm2b072p1cr1ojmwqvqb","Pantaloncini","Штаны",16,false,30,"2025-07-07T15:56:02.308Z","2025-07-07T15:56:02.308Z","",""
626,"euqhn5sl7d6fcrk3xx8jl6y4","Gonna","Кросовки",16,false,30,"2025-07-07T15:56:28.553Z","2025-07-07T15:56:49.931Z","",""
630,"sna87hdfkmlbhqmbjt8jgncy","Vestito","Платье",16,true,30,"2025-07-07T15:57:08.397Z","2025-07-07T15:57:08.397Z","",""
632,"xbalyvbq8gvvfkmi6fix2d3v","Vestito","Занавес",16,false,30,"2025-07-07T15:57:21.505Z","2025-07-07T15:57:21.505Z","",""
634,"jp7m1o1ij62lgqskrpzpe43h","Abito","Костюм",16,true,30,"2025-07-07T15:57:52.348Z","2025-07-07T15:57:52.348Z","",""
636,"jwr41uwc258pd3kipdphmy4s","Abito","Жилет",16,false,30,"2025-07-07T15:58:13.282Z","2025-07-07T15:58:13.282Z","",""
638,"nprmr8datos6u6mjisw0e5ih","Completo","Костюм",16,true,30,"2025-07-07T15:58:40.974Z","2025-07-07T15:58:40.974Z","",""
640,"mm0y3u20cmjsy0suu40o9du1","Completo","Финал",16,false,30,"2025-07-07T15:58:57.519Z","2025-07-07T15:58:57.519Z","",""
642,"yn8dqpqbkkgl6kce90vplz0y","Cravatta","Галстук",16,true,30,"2025-07-07T15:59:18.192Z","2025-07-07T15:59:18.192Z","",""
644,"p32jrmnbvrmzbjvfx9bhtl6k","Cravatta","Кровать",16,false,30,"2025-07-07T15:59:33.606Z","2025-07-07T15:59:33.606Z","",""
646,"f8plgt2t4l9iqi5dq4ejldul","Papillon","Галстук-бабочка",16,true,30,"2025-07-07T16:00:12.644Z","2025-07-07T16:00:12.644Z","",""
648,"k4jun1esljovy6jc2vxe7vju","Papillon","Бумага",16,false,30,"2025-07-07T16:01:07.293Z","2025-07-07T16:01:07.293Z","",""
650,"ctuoabj88vxsskavr5324ibl","Abito da sera","Вечернее платье",16,true,30,"2025-07-07T16:01:46.007Z","2025-07-07T16:01:46.007Z","",""
652,"l0yod4xydlvb3njkh2mrc4mx","Abito da sera","Сера",16,false,30,"2025-07-07T16:02:00.905Z","2025-07-07T16:02:00.905Z","",""
654,"qvh4cuee34s87jqsp0o4vkxg","Scarpe","Туфли",16,true,30,"2025-07-10T10:46:00.083Z","2025-07-10T10:46:00.083Z","",""
656,"k9dp3gpkphdfiueb5mpvom5u","Scarpe","Шарф",16,false,30,"2025-07-10T10:46:12.043Z","2025-07-10T10:46:12.043Z","",""
658,"o8obs2zxpt4dfu2xv2a1pq2h","Scarpe da ginnastica","Кроссовки",16,true,30,"2025-07-10T10:48:30.982Z","2025-07-10T10:48:30.982Z","",""
660,"ucgqxrq6uskxfm6l20e025gu","Scarpe da ginnastica","Галстук-бабочка",16,false,30,"2025-07-10T10:48:45.697Z","2025-07-10T10:48:45.697Z","",""
662,"s0c7z3pj5pcp9oqjiso2m9ta","Stivali","Сапоги",16,true,30,"2025-07-10T10:49:12.687Z","2025-07-10T10:49:12.687Z","",""
664,"d21rhsb1cklog2106mfc6dqc","Stivali","тапочки",16,false,30,"2025-07-10T10:49:26.750Z","2025-07-10T10:49:26.750Z","",""
666,"d7q4hzj8a68byawu1mp221ct","Sandali","Сандали",16,true,30,"2025-07-10T10:49:51.378Z","2025-07-10T10:49:51.378Z","",""
668,"y2p1trizba63qtpsh2lji2mn","Calzini","Носки",16,true,30,"2025-07-10T10:50:18.245Z","2025-07-10T10:50:18.245Z","",""
670,"gmcl4gbs669fk8o67si5unil","Cappello","Шляпа",16,true,30,"2025-07-10T10:51:00.476Z","2025-07-10T10:51:00.476Z","",""
672,"rwmbt7050u6z3hpfjhr7lmo3","Cappello","Кошка",16,false,30,"2025-07-10T10:51:15.359Z","2025-07-10T10:51:15.359Z","",""
674,"e1vg2rqpr6whdx3i2zaad91k","Sciarpa","Шарф",16,true,30,"2025-07-10T10:51:36.557Z","2025-07-10T10:51:36.557Z","",""
676,"chl555kxn5t1pvng7mfys15e","Sciarpa","Кроссовки",16,false,30,"2025-07-10T10:51:53.981Z","2025-07-10T10:51:53.981Z","",""
678,"cwj6o26284e29n2r2zle8dbp","Guanti","Перчатки",16,true,30,"2025-07-10T10:52:16.341Z","2025-07-10T10:52:16.341Z","",""
680,"fw042kk5bnzmtstn60hkfjph","Borsa","Сумка",16,true,30,"2025-07-10T10:52:53.255Z","2025-07-10T10:52:53.255Z","",""
682,"nm9dnstmpvu5b2sb2a7bexw8","Pigiama","Пижама",16,true,30,"2025-07-10T10:53:29.040Z","2025-07-10T10:53:29.040Z","",""
684,"yidbvyppv06zz6ig33kbm35b","Accappatoio","Халат",16,true,30,"2025-07-10T10:54:12.461Z","2025-07-10T10:54:12.461Z","",""
686,"w2e65pkize2ba0noy0zbz6ex","Pantofole","Тапочки",16,true,30,"2025-07-10T10:54:45.357Z","2025-07-10T10:54:45.357Z","",""
688,"pxpjco7dcshhqdcn15sq2kdy","piatto ","Тарелка",16,true,30,"2025-07-10T10:56:26.371Z","2025-07-10T10:56:26.371Z","",""
690,"lqhwnowz855qs024n4cm5kxs","piatto ","чашка",16,false,30,"2025-07-10T10:56:38.981Z","2025-07-10T10:56:38.981Z","",""
692,"r340jbtenarp8klmc0ljpcre","scodella","глубокая тарелка",16,true,30,"2025-07-10T11:05:18.205Z","2025-07-10T11:05:18.205Z","",""
694,"ktesco1f5s1lls79c4ntn3f4","tazza","чашка",16,true,30,"2025-07-10T11:06:48.996Z","2025-07-10T11:06:48.996Z","",""
696,"e8clrt5l4jtvgd3850jm27jr","tazza grande","кружка",16,true,30,"2025-07-10T11:07:58.579Z","2025-07-10T11:07:58.579Z","",""
698,"nmmbv28gl0ngfi1d2rnd9e9h","bicchiere","стакан",16,true,30,"2025-07-10T11:08:22.511Z","2025-07-10T11:08:22.511Z","",""
700,"y35dq6wvb908w425rr9nc19f","cucchiaio","ложка",16,true,30,"2025-07-10T11:08:43.175Z","2025-07-10T11:08:43.175Z","",""
702,"bivzh9igfgfysz9k40kg7pf7","forchetta","вилка",16,true,30,"2025-07-10T11:08:58.184Z","2025-07-10T11:08:58.184Z","",""
704,"m3tv8e1dt31ovn6eq359hzlv","coltello","нож",16,"",30,"2025-07-10T11:09:15.433Z","2025-07-10T11:09:15.433Z","",""
706,"sjkfba46czabb5jeyw560zdy","bacchette","палочки",16,true,30,"2025-07-10T11:10:15.251Z","2025-07-10T11:10:15.251Z","",""
708,"zft71udo1umq8m86rdvep6rs","pentola","кастрюля",16,true,30,"2025-07-10T11:10:39.961Z","2025-07-10T11:10:39.961Z","",""
710,"a2frpeawswfz4qidvfrhlesv","padella","сковорода",16,true,30,"2025-07-10T11:11:22.871Z","2025-07-10T11:11:22.871Z","",""
712,"trlxzjoc13n81yfgej3pku7d","coperchio","крышка",16,true,30,"2025-07-10T11:12:45.808Z","2025-07-10T11:12:45.808Z","",""
714,"doz86ikmmlzzrs0i3buo1kxj","ciotola","миска",16,true,30,"2025-07-10T11:13:07.016Z","2025-07-10T11:13:07.016Z","",""
716,"aa7t1x8lhd6w4mn4egpob3z0","scolapasta","дуршлаг",16,true,30,"2025-07-10T11:13:56.069Z","2025-07-10T11:13:56.069Z","",""
718,"nazmvk4i5onpq41tge1ja2f4","tagliere","доска разделочная",16,"",30,"2025-07-10T11:14:33.764Z","2025-07-10T11:14:33.764Z","",""
720,"yl2dnfl2jjbnrcl9h0szzq2q","pelapatate","ножик для чистки",16,true,30,"2025-07-10T11:14:55.688Z","2025-07-10T11:14:55.688Z","",""
722,"xu9txm6lb57g7rhpfdhhivly","frusta","венчик",16,true,30,"2025-07-10T11:15:19.069Z","2025-07-10T11:15:19.069Z","",""
724,"c8ln58xy9jz0w58pahhfsrbv","mestolo","половник",16,true,30,"2025-07-10T11:15:40.101Z","2025-07-10T11:15:40.101Z","",""
726,"mv52mafensnu9ymf0j702r80","schiumarola","шумовка",16,true,30,"2025-07-10T11:16:04.600Z","2025-07-10T11:16:04.600Z","",""
728,"ulc523vnp9fva7ns7pust6ay","spatola","лопатка",16,true,30,"2025-07-10T11:16:40.977Z","2025-07-10T11:16:40.977Z","",""
730,"wviu5vnymrrgo7k2lpnvnxsg","grattugia","терка",16,true,30,"2025-07-10T11:17:46.846Z","2025-07-10T11:17:46.846Z","",""
732,"gvhoak88rvadbsceqhh5lrrg","bollitore","чайник",16,true,30,"2025-07-10T11:18:16.377Z","2025-07-10T11:18:16.377Z","",""
734,"glzk3olcujfzg0abz27nqdne","vassoio","поднос",16,true,30,"2025-07-10T11:18:37.059Z","2025-07-10T11:18:37.059Z","",""
736,"z0ldk80b5ppzen8t5thggzt2","apribottiglie","открывалка",16,true,30,"2025-07-10T11:19:01.206Z","2025-07-10T11:19:01.206Z","",""
738,"mgld0jnv7duv3chqwtbdibvr","cavatappi","штопор",16,true,30,"2025-07-10T11:19:23.705Z","2025-07-10T11:19:23.705Z","",""
740,"kpasyaqtvbcx5i5gre3l8eg7","grattugia per formaggio","сырная терка",16,true,30,"2025-07-10T11:19:51.516Z","2025-07-10T11:19:51.516Z","",""
742,"qu1tsgxag6p7f1mmxo439b03","Cuscino","подушка",16,true,30,"2025-07-10T11:20:25.957Z","2025-07-10T11:20:25.957Z","",""
744,"e3riqi1n4ljynltkuahzmp6e","Coperta","одеяло",16,true,30,"2025-07-10T11:20:52.414Z","2025-07-10T11:20:52.414Z","",""
746,"j0qo9hw19nd5cme7d0unc3cj","Letto ","кровать",16,true,30,"2025-07-10T11:21:10.774Z","2025-07-10T11:21:10.774Z","",""
748,"z6phfrxq0nhx6q35h96m64mt","Materasso ","матрас",16,true,30,"2025-07-10T11:21:27.573Z","2025-07-10T11:21:27.573Z","",""
750,"a7od8w0cht5peuf8sk0y1t4x","Lenzuolo ","простыня",16,true,30,"2025-07-10T11:21:56.220Z","2025-07-10T11:21:56.220Z","",""
752,"bjllc77w1dlpso8im8rwz3v2","Comodino","тумбочка",16,true,30,"2025-07-10T11:22:33.381Z","2025-07-10T11:22:33.381Z","",""
754,"drwq3jq7pbjxql058kf6bskz","Lampada ","лампа",16,true,30,"2025-07-10T11:22:49.042Z","2025-07-10T11:22:49.042Z","",""
756,"x6m0qhkkxixo4q6vd5pi9qq4","Sveglia ","будильник",16,true,30,"2025-07-10T11:23:10.667Z","2025-07-10T11:23:10.667Z","",""
758,"yu38yfwvhibtyejm8dh2sn7y","Asciugamano ","полотенце",16,true,30,"2025-07-10T11:23:32.481Z","2025-07-10T11:23:32.481Z","",""
760,"nbc64rv22o0sjgd3h1uxw0xb","Sapone ","мыло",16,true,30,"2025-07-10T11:23:49.964Z","2025-07-10T11:23:49.964Z","",""
762,"r9sd0igw8493g2u1nadekazo","Shampoo ","шампунь",16,true,30,"2025-07-10T11:24:12.552Z","2025-07-10T11:24:12.552Z","",""
764,"yskn8ekcpfmue94b8n3r2kl0","Spazzolino ","зубная щетка",16,true,30,"2025-07-10T11:24:37.630Z","2025-07-10T11:24:37.630Z","",""
766,"p833j7aolk0cvokeg7xemz6x","Dentifricio ","зубная паста",16,true,30,"2025-07-10T11:25:15.955Z","2025-07-10T11:25:15.955Z","",""
768,"tnq726sen3b54xo1jel08n1c","Specchio ","зеркало",16,true,30,"2025-07-10T11:25:51.294Z","2025-07-10T11:25:51.294Z","",""
770,"r8mz6zwhraupaic6qh8z34qo","Vasca da bagno","ванна",16,true,30,"2025-07-10T11:26:26.750Z","2025-07-10T11:26:26.750Z","",""
772,"yqy7sql4aoiu260uf0nnz2iw","Gabinetto","туалет",16,true,30,"2025-07-10T11:26:52.937Z","2025-07-10T11:26:52.937Z","",""
776,"c88y3f1mjz8orqo7cdmoofac","Forchetta","вилка",16,true,30,"2025-07-10T11:29:40.051Z","2025-07-10T11:29:40.051Z","",""
778,"hhxei5t2mupr1a9t2pjh3i09","Coltello ","нож",16,"",30,"2025-07-10T11:29:57.901Z","2025-07-10T11:29:57.901Z","",""
780,"ytx8ymmgvbrkdfcf0zk9i1nr","Frigorifero ","холодильник",16,true,30,"2025-07-10T11:31:19.297Z","2025-07-10T11:31:19.297Z","",""
782,"ndlh946m0jckf6qfhrvuan8q","Fornello","плита",16,true,30,"2025-07-10T11:31:50.905Z","2025-07-10T11:31:50.905Z","",""
784,"yaumqn4yecpuy0d8qy777i39","Lavandino ","раковина",16,true,30,"2025-07-10T11:32:16.830Z","2025-07-10T11:32:16.830Z","",""
786,"u40ozgqukbczerjs5s524356","Scopa ","метла",16,true,30,"2025-07-10T11:32:57.523Z","2025-07-10T11:32:57.523Z","",""
788,"oh6ajkgy9gs2yfx6s319v8wg","Mocio ","швабра",16,true,30,"2025-07-10T11:33:30.077Z","2025-07-10T11:33:30.077Z","",""
790,"ugginrfxpokxq764vifwlrbh","Aspirapolvere ","пылесос",16,true,30,"2025-07-10T11:34:03.505Z","2025-07-10T11:34:03.505Z","",""
792,"bnixtomenelrytkvlr6w5ufx","Straccio ","тряпка",16,true,30,"2025-07-10T11:34:33.139Z","2025-07-10T11:34:33.139Z","",""
794,"sjncrepgdxxf9mhjfuyfgcz2","Secchio ","ведро",16,true,30,"2025-07-10T11:34:51.866Z","2025-07-10T11:34:51.866Z","",""
796,"f1qgnanebazrafftm0f8zoka","Detergente ","моющее средство",16,true,30,"2025-07-10T11:35:21.994Z","2025-07-10T11:35:21.994Z","",""
798,"xp4upvi85qet27ztnncfoi3f","Pattumiera ","мусор",16,true,30,"2025-07-10T11:35:43.996Z","2025-07-10T11:35:43.996Z","",""
800,"umum4uk5p84njt9zavk0k851","Divano ","Диван",16,true,30,"2025-07-10T11:36:15.168Z","2025-07-10T11:36:15.168Z","",""
802,"gjp20e5iy81xk3naakhigcm6","Sedia ","кресло",16,true,30,"2025-07-10T11:36:31.990Z","2025-07-10T11:36:31.990Z","",""
804,"wkb3cepsxed7ua12mw98vh94","Tavolo ","стол",16,true,30,"2025-07-10T11:36:52.209Z","2025-07-10T11:36:52.209Z","",""
806,"ymweq0wq0fomqenkmmk5kw68","Tenda ","штора",16,true,30,"2025-07-10T11:37:18.763Z","2025-07-10T11:37:18.763Z","",""
808,"jazqjsh7oouy91mdrwz8v1xr","Tappeto ","ковер",16,true,30,"2025-07-10T11:37:35.543Z","2025-07-10T11:37:35.543Z","",""
810,"mda6cxc4x7yb9fk7jyixw8gr","Televisione ","телевизор",16,true,30,"2025-07-10T11:37:57.106Z","2025-07-10T11:37:57.106Z","",""
812,"bk8lp2tz06g04v6u5zuqlj2y","Telecomando ","Дистанционное управление",16,true,30,"2025-07-10T11:38:27.099Z","2025-07-10T11:38:27.099Z","",""
814,"ajamsk9tx1z9xyeq9bai9syd","Congelatore ","морозильная камера",16,true,30,"2025-07-10T14:07:15.383Z","2025-07-10T14:07:15.383Z","",""
816,"whknhajtjiegkm7ngoq5g53i","Lavatrice ","стиральная машина",16,true,30,"2025-07-10T14:07:57.553Z","2025-07-10T14:07:57.553Z","",""
818,"gjycudo3a79h83e2glvd6o1u","Ferro da stiro","утюг",16,true,30,"2025-07-10T14:08:45.365Z","2025-07-10T14:08:45.365Z","",""
820,"yf5c1y0w5edp5w2lrqi9qctf","Microonde ","микроволновка",16,true,30,"2025-07-10T14:09:01.551Z","2025-07-10T14:09:01.551Z","",""
822,"yvlwv8bg74rnmufz6mik7mu4","Cucina ","кухня",16,true,30,"2025-07-10T14:09:25.896Z","2025-07-10T14:09:25.896Z","",""
824,"iyjg2bqc33x44t24qf3k5umb","Forno ","печь",16,true,30,"2025-07-10T14:09:50.612Z","2025-07-10T14:09:50.612Z","",""
826,"rgjj0jfuqnjqyr0h95lmkc4v","Tostapane ","тостер",16,true,30,"2025-07-10T14:10:19.903Z","2025-07-10T14:10:19.903Z","",""
828,"j1npe3camff95vpe9b9f3rwu","Frullatore ","блендер",16,true,30,"2025-07-10T14:10:33.589Z","2025-07-10T14:10:33.589Z","",""
830,"rvrr5wruia62k56obtn02h60","Spremiagrumi ","соковыжималка",16,true,30,"2025-07-10T14:11:03.631Z","2025-07-10T14:11:03.631Z","",""
832,"xqrhf785nua0rgf7baj8081y","Macchina da caffè","Кофеварка",16,true,30,"2025-07-10T14:11:28.363Z","2025-07-10T14:11:28.363Z","",""
834,"fua3r4cpdxrogyuf1a5qkgfs","Bollitore elettrico","электрический чайник",16,true,30,"2025-07-10T14:11:58.196Z","2025-07-10T14:11:58.196Z","",""
836,"ftrx8lg98uojkjuvtyxlqxj2","Lavastoviglie ","посудомоечная машина",16,true,30,"2025-07-10T14:12:27.071Z","2025-07-10T14:12:27.071Z","",""
838,"pbxa5fp2u6liwd57nanmw8xj","Asciugacapelli","фен",16,true,30,"2025-07-10T14:12:58.509Z","2025-07-10T14:12:58.509Z","",""
840,"mzrpg1yuv10a223lcoamkxuy","Ventilatore ","вентилятор",16,true,30,"2025-07-10T14:13:15.211Z","2025-07-10T14:13:15.211Z","",""
842,"pg3a37wlqcdnyu9bh0m8nb75","Condizionatore ","кондиционер",16,true,30,"2025-07-10T14:13:47.011Z","2025-07-10T14:13:47.011Z","",""
844,"tf3298a7qha8yymbw2qidpdl","Caricabatterie ","зарядное устройство",16,true,30,"2025-07-10T14:14:48.038Z","2025-07-10T14:14:48.038Z","",""
846,"le2gsjlpnix3cjepc7p88pdh","Leggere ","чтение",16,true,30,"2025-07-10T14:15:14.473Z","2025-07-10T14:15:14.473Z","",""
848,"ebvyy92smrc13j3ooor4j6so","Scrivere ","Писательство",16,true,30,"2025-07-10T14:16:50.568Z","2025-07-10T14:16:50.568Z","",""
850,"x2jycaj63vnpquti13bhfqdh","Disegnare ","рисование",16,true,30,"2025-07-10T14:17:04.932Z","2025-07-10T14:17:04.932Z","",""
852,"cm9nz1p49udff8e8r2m0h7dj","Dipingere ","рисование красками",16,true,30,"2025-07-10T14:17:30.153Z","2025-07-10T14:17:30.153Z","",""
854,"gwxxocsb23kxs1metc9l69xn","Suonare musica","играть музыку",16,true,30,"2025-07-10T14:18:12.220Z","2025-07-10T14:18:12.220Z","",""
856,"yty00xfbnmd0bh0du46kt6fs","Cantare ","пение",16,true,30,"2025-07-10T14:18:29.214Z","2025-07-10T14:18:29.214Z","",""
858,"l5kxjqgb6htceb9flhex0kea","Ballare ","танцы",16,true,30,"2025-07-10T14:18:43.852Z","2025-07-10T14:18:43.852Z","",""
860,"n7fqkut180sbxap9zo0ex79g","Suonare uno strumento","игра на инструменте",16,true,30,"2025-07-10T14:19:14.012Z","2025-07-10T14:19:14.012Z","",""
862,"ijjlbqo5vovoveggni61uf03","Guardare film","просмотр фильма",16,true,30,"2025-07-10T14:19:36.611Z","2025-07-10T14:19:36.611Z","",""
864,"ntny2hlhfoa0r1y3nz4j041a","Ascoltare musica","прослушивание музыки",16,true,30,"2025-07-10T14:19:59.106Z","2025-07-10T14:19:59.106Z","",""
866,"q34f19bx1pjec5cb9c3cqjn7","Cucinare ","готовить",16,true,30,"2025-07-10T14:20:36.691Z","2025-07-10T14:20:36.691Z","",""
868,"gudquzhfryeh8t581arhkjha","Infornare","печь",16,true,30,"2025-07-10T14:21:36.633Z","2025-07-10T14:21:36.633Z","",""
870,"uqpwro2yoexwof1fd3faa5lf","Giardinaggio ","работать в саду",16,true,30,"2025-07-10T14:21:55.782Z","2025-07-10T14:21:55.782Z","",""
872,"w4un76la0o8g4uqoarj5kuql","Lavorare a maglia","вязать",16,true,30,"2025-07-10T14:22:25.978Z","2025-07-10T14:22:25.978Z","",""
874,"hnlt2360fs1rbojidqyickl6","Fotografia","фотография",16,true,30,"2025-07-10T14:22:53.043Z","2025-07-10T14:22:53.043Z","",""
876,"sphpj6sd737cwuu8322jqvi1","Escursionismo","поход",16,true,30,"2025-07-10T14:23:47.654Z","2025-07-10T14:23:47.654Z","",""
878,"xuvww1gwjnxqaiy0obmbt0yp","Viaggiare","путешествовать",16,true,30,"2025-07-10T14:24:28.329Z","2025-07-10T14:24:28.329Z","",""
880,"c7ilzhalt9zdo1c5r4yw66bj","Giocare a scacchi","играть в шахматы",16,true,30,"2025-07-10T14:24:54.018Z","2025-07-10T14:24:54.018Z","",""
882,"lcv87objjvi58xbujuzupl47","Imparare le lingue","учить языки",16,true,30,"2025-07-10T14:25:34.374Z","2025-07-10T14:25:34.374Z","",""
884,"d5lrgqjxdh2j5trjb8s3lons","Fare esercizio","делать упражнения",16,true,30,"2025-07-10T14:26:14.740Z","2025-07-10T14:26:14.740Z","",""
886,"pz9q2ejgydlb5b6s5j6eoipf","Yoga ","йога",16,true,30,"2025-07-10T14:26:33.496Z","2025-07-10T14:26:33.496Z","",""
888,"vz6jvt4899rtoml5n6nbu5b2","Fare volontariato","волонтерство",16,true,30,"2025-07-10T14:27:03.011Z","2025-07-10T14:27:03.011Z","",""
890,"ndtqtyzsv018z1ionowr30ml","Giocare ai videogiochi","играть в видеоигры",16,true,30,"2025-07-10T14:27:31.156Z","2025-07-10T14:27:31.156Z","",""
892,"qtsku33jvv1l2mgwkifizsb1","Tenere un diario","вести дневник",16,true,30,"2025-07-10T14:28:04.526Z","2025-07-10T14:28:04.526Z","",""
894,"o127uhasxaxzm6lgxv6pelrg","Penna","ручка",16,true,30,"2025-07-10T14:28:26.280Z","2025-07-10T14:28:26.280Z","",""
896,"hfrxx3unq60jsemb59zrw0wg","Matita ","карандаш",16,true,30,"2025-07-10T14:28:53.139Z","2025-07-10T14:28:53.139Z","",""
898,"p6m0edobpbhrxca0uzcmmqla","Gomma","ластик",16,true,30,"2025-07-10T14:29:28.318Z","2025-07-10T14:29:28.318Z","",""
900,"lmdyzsopr67eahg030fcdxw5","Temperamatite ","точилка",16,true,30,"2025-07-10T14:30:06.118Z","2025-07-10T14:30:06.118Z","",""
902,"yqtwj2dssk1xlsaks7qhkk5m","Righello ","линейка",16,true,30,"2025-07-10T14:30:35.221Z","2025-07-10T14:30:35.221Z","",""
904,"cu1dt6fg2b1ck5o39fiixtki","Quaderno ","тетрадь",16,true,30,"2025-07-10T14:30:53.082Z","2025-07-10T14:30:53.082Z","",""
906,"a077q8fn6had8m4t7spvnyux","Cartella ","папка",16,true,30,"2025-07-10T14:31:39.461Z","2025-07-10T14:31:39.461Z","",""
908,"vm90z6ar1x77icq8lnuf0yie","Carta ","бумага",16,true,30,"2025-07-10T14:31:57.290Z","2025-07-10T14:31:57.290Z","",""
910,"sa9k2m4e0xbvvytzeu1hpi0f","Colla ","клей",16,true,30,"2025-07-10T14:32:13.056Z","2025-07-10T14:32:13.056Z","",""
912,"lrl1o6okqdoqn7yqxr1e6ndx","Forbici ","ножницы",16,true,30,"2025-07-10T14:32:31.990Z","2025-07-10T14:32:31.990Z","",""
914,"sddibh8brpovclbmv5i3ikhk","Nastro adesivo","клейкая лента",16,true,30,"2025-07-10T14:33:02.145Z","2025-07-10T14:33:02.145Z","",""
916,"kyqg0p1mbxnnypaab376r73j","Cucitrice","степлер",16,true,30,"2025-07-10T14:33:20.286Z","2025-07-10T14:33:20.286Z","",""
918,"s5wv0khmujlo1x8h6e9c7u7p","Sujetapapeles Fermaglio","скрепка",16,true,30,"2025-07-10T14:34:20.322Z","2025-07-10T14:34:20.322Z","",""
920,"vm4xkua2a50fq8wr8atv4er4","Evidenziatore","маркер",16,true,30,"2025-07-10T14:34:48.302Z","2025-07-10T14:34:48.302Z","",""
922,"iierielnpk5g4ye24wmddtv7","Pennarello","фломастер",16,true,30,"2025-07-10T14:35:19.061Z","2025-07-10T14:35:19.061Z","",""
924,"ddogd6rvtjwjae0rhwgbm1o2","Lavagna bianca","белая доска",16,true,30,"2025-07-10T14:36:25.050Z","2025-07-10T14:36:25.050Z","",""
926,"v3qhpjjmfwhgduug6rt2zuhw","Gesso","гипс",16,true,30,"2025-07-10T14:36:48.421Z","2025-07-10T14:36:48.421Z","",""
928,"jkj6pcff76dvsf1lgoh6eef4","Post-it","стикеры",16,true,30,"2025-07-10T14:38:23.693Z","2025-07-10T14:38:23.693Z","",""
930,"mgdv7iqsvxa0vvmf17c3mr78","Calcolatrice","калькулятор",16,true,30,"2025-07-10T14:38:41.117Z","2025-07-10T14:38:41.117Z","",""
932,"gxki5ek72885zk2naowsrqwl","Rosso ","красный",16,true,30,"2025-07-12T15:57:59.293Z","2025-07-12T15:57:59.293Z","",""
934,"qwipgwufy26wiv53r5yy0ze6","Bianco ","белый",16,true,30,"2025-07-12T15:58:30.141Z","2025-07-12T15:59:08.756Z","",""
937,"vdxvpm055vh3slngcsjm2y2u","Nero ","черный",16,true,30,"2025-07-12T15:59:37.261Z","2025-07-12T15:59:37.261Z","",""
939,"b9wdcezplers34jlzef0bnb3","Verde ","зеленый",16,true,30,"2025-07-12T16:00:38.571Z","2025-07-12T16:00:38.571Z","",""
941,"y5f4l4wvjm7as8kxah1jfiq9","Viola ","фиолетовый",16,true,30,"2025-07-12T16:01:34.050Z","2025-07-12T16:01:34.050Z","",""
943,"ffhj1m9t3po49a06epbytfqe","Azzurro ","светло-синий",16,true,30,"2025-07-12T16:02:17.485Z","2025-07-12T16:02:17.485Z","",""
945,"sdfhp8qs7fichzkk7nyj94jo","Celeste ","голубой",16,true,30,"2025-07-12T16:03:09.354Z","2025-07-12T16:03:09.354Z","",""
947,"lo6e6ukrbfublipw9obf6wst","Blu navy ","темно-синий",16,true,30,"2025-07-12T16:03:45.611Z","2025-07-12T16:03:45.611Z","",""
949,"kg7qvzw67lp83xw6q42ocli8","Blu scuro ","темно-синий",16,true,30,"2025-07-12T16:04:49.547Z","2025-07-12T16:04:49.547Z","",""
951,"mkumdnwiqylfh2j4aehv4hnt","Verde chiaro ","светло-зеленый",16,true,30,"2025-07-12T16:06:11.949Z","2025-07-12T16:06:11.949Z","",""
953,"oj08b5xjt5gpoi2ikts47xf3","Oro ","золотой",16,true,30,"2025-07-12T16:06:43.397Z","2025-07-12T16:06:43.397Z","",""
955,"o4hx3hge9esxg3urwjpimrdr","Argento ","серебряный",16,true,30,"2025-07-12T16:08:17.326Z","2025-07-12T16:08:17.326Z","",""
957,"fra4krolruzoxaflmijyr1i4","Bronzo ","бронзовый",16,true,30,"2025-07-12T16:08:52.179Z","2025-07-12T16:08:52.179Z","",""
959,"irzd0m797bccuqgrh358r3zg","Avorio ","слоновая кость",16,true,30,"2025-07-12T16:09:46.939Z","2025-07-12T16:09:46.939Z","",""
961,"iw3dvk3kkeep6o3pn3r2i6ld","Turchese ","бирюзовый",16,true,30,"2025-07-12T16:10:21.631Z","2025-07-12T16:10:21.631Z","",""
963,"u4uu1ouulk96vq07auxav0jn","Ciano ","голубой (циан)",16,true,30,"2025-07-12T16:10:46.189Z","2025-07-12T16:10:46.189Z","",""
965,"z764pscjuq02u9zlxp79gova","Magenta ","пурпурный",16,true,30,"2025-07-12T16:11:22.541Z","2025-07-12T16:11:22.541Z","",""
967,"zg2fc667zvx2bw9fmkzh0r9f","Antracite ","угольный",16,true,30,"2025-07-12T16:11:51.345Z","2025-07-12T16:11:51.345Z","",""
969,"f4m37nluwqzudgbz06qlsxru","Giallo ","желтый",16,true,30,"2025-07-12T16:12:22.749Z","2025-07-12T16:12:22.749Z","",""
971,"zepom3gcb3q4mkemwb8vt7e9","Arancione ","оранжевый",16,true,30,"2025-07-12T16:12:52.300Z","2025-07-12T16:12:52.300Z","",""
973,"meow63mrc9nhl5nou04jkhrp","Rosa ","розовый",16,true,30,"2025-07-12T16:16:46.666Z","2025-07-12T16:16:46.666Z","",""
975,"q79zrs559w9m74laons1m6cq","Grigio ","серый",16,true,30,"2025-07-12T16:18:36.435Z","2025-07-12T16:18:36.435Z","",""
977,"usb1m8848kh1o18m6jh2k9wo","Verde scuro ","темно-зеленый",16,true,30,"2025-07-12T16:19:12.520Z","2025-07-12T16:19:12.520Z","",""
979,"k62cpcfb86we22soqq1dakty","Verde menta ","мятный",16,true,30,"2025-07-12T16:19:56.705Z","2025-07-12T16:19:56.705Z","",""
981,"oeeaulb23nxkdhcftp2i4qq2","Verde oliva ","оливковый",16,true,30,"2025-07-12T16:20:27.470Z","2025-07-12T16:20:27.470Z","",""
983,"fgbjt94uikhqo0z1w3nvq7s3","Beige ","бежевый",16,true,30,"2025-07-12T16:20:52.961Z","2025-07-12T16:20:52.961Z","",""
985,"iudogbo6fefi11fag2v0c7ox","Pesca ","персиковый",16,true,30,"2025-07-12T16:21:21.548Z","2025-07-12T16:21:21.548Z","",""
987,"fa9z6ffjltidl3v367a65iml","Lavanda ","лавандовый",16,true,30,"2025-07-12T16:21:56.547Z","2025-07-12T16:21:56.547Z","",""
989,"ohbhy1sllaorm9wdghc255ak","Violetto ","сиреневый",16,true,30,"2025-07-12T16:22:30.674Z","2025-07-12T16:22:30.674Z","",""
991,"w9xait6coaebxixwivk5bno0","Cioccolato ","шоколадный",16,true,30,"2025-07-12T16:23:14.436Z","2025-07-12T16:23:14.436Z","",""
993,"kcpjww8yt46nds12morr6g8w","Caffè ","кофейный",16,true,30,"2025-07-12T16:24:36.713Z","2025-07-12T16:24:36.713Z","",""
995,"fvlzhgi5ovlaps8igldjybor","Marrone chiaro ","светло коричневый",16,true,30,"2025-07-12T16:25:21.875Z","2025-07-12T16:25:21.875Z","",""
997,"wdum3z2iatmuqlvk1t0f5yoz","Marrone scuro ","темно-коричневый",16,true,30,"2025-07-12T16:26:01.141Z","2025-07-12T16:26:01.141Z","",""
999,"frlsmch4ny47fbax83h5jn4h","Bianco sporco ","молочный",16,true,30,"2025-07-12T16:26:42.548Z","2025-07-12T16:26:42.548Z","",""
1001,"n5pcjvdj0ljinxhrflfabd1s","Grigio chiaro ","светло-серый",16,true,30,"2025-07-12T16:27:12.916Z","2025-07-12T16:27:12.916Z","",""
1003,"czhfu4h2tuani1creirrtskr","Grigio scuro ","темно-серый",16,true,30,"2025-07-12T16:27:52.637Z","2025-07-12T16:27:52.637Z","",""