id,documentId,en,ru,fontSize,correctAnswer,answerTime,createdAt,updatedAt,publishedAt,locale
1,"xonwy6sfr5i8whwzrpjcrf6p","지뢰","мина",16,true,30,"2025-03-22T08:12:30.945Z","2025-03-22T08:14:24.001Z","",""
3,"cgqgsnqgp80ij4dltbmmi1h9","조심하다","осторожно ",16,true,30,"2025-03-22T08:15:58.413Z","2025-03-22T08:16:03.633Z","",""
5,"sozqyvxkjnyrmqy4o49ibonj","겨울","зима ",16,true,30,"2025-03-22T08:21:12.979Z","2025-03-22T08:21:19.679Z","",""
7,"wkdh0uat4n801ue4wee4jmlm","많이 먹다.","Есть много",16,true,30,"2025-03-22T08:23:50.102Z","2025-03-22T08:32:16.039Z","",""
10,"jdxocaedixvx7ff1b7bboke1","맛있다.","Вкусно",16,true,30,"2025-03-22T08:41:32.454Z","2025-03-22T09:14:32.335Z","",""
12,"zgygdv2llvhyjp5tpygu6llq","차(자동차)","машина",16,true,30,"2025-03-22T09:15:51.952Z","2025-03-22T09:16:07.119Z","",""
14,"bgbi4ko52qegoxp25pirgqir","시간","время",16,true,30,"2025-03-22T09:21:59.123Z","2025-03-22T09:22:08.053Z","",""
16,"ceqd1gwjx7wr51ewvohl6nab","여행하다","путешествовать",16,true,30,"2025-03-22T09:22:51.967Z","2025-03-22T09:22:58.099Z","",""
18,"pjcwdq8eox87yei0xy5901h1","걷다(걸어요)","гулять",16,true,30,"2025-03-22T09:23:56.998Z","2025-03-22T09:25:09.470Z","",""
21,"khcdkaqzuq25tlcsn1xz4d1l","---(어/아)야 하다","надо ",16,true,30,"2025-03-22T09:25:39.486Z","2025-03-22T09:25:54.968Z","",""
23,"ikz1fd7jh4t6ja6cbpri26vo","----동안","в течение ",16,true,30,"2025-03-22T09:26:39.107Z","2025-03-22T09:26:45.023Z","",""
25,"ip5ktjuckp0kcawnuf9fhxmg","----(으)ㄹ 때","во время, когда",16,true,30,"2025-03-22T09:34:10.775Z","2025-03-22T09:34:18.160Z","",""
27,"ccq3u71izypyxns1tr7n49bw","항상","всегда",16,true,30,"2025-03-22T09:34:58.357Z","2025-03-22T09:35:08.168Z","",""
30,"ibp528kukt6wn4k4n91ox8el","공부하다","изучать",16,true,30,"2025-03-22T09:35:51.640Z","2025-03-22T09:35:57.451Z","",""
32,"q11k8oodxeiqhdcdxk0gvr1w","죽다","умирать",16,true,30,"2025-03-22T09:36:34.815Z","2025-03-22T09:36:40.290Z","",""
34,"isz4xpau2gzerwlc4dgczeqe","(으)ㄹ 수 있다.","Мочь",16,true,30,"2025-03-22T09:37:14.237Z","2025-03-22T09:55:20.452Z","",""
36,"dshsun0ugz6yvo8n953j977x","오랫동안","за долгое время",16,true,30,"2025-03-22T09:37:52.983Z","2025-03-22T09:37:58.776Z","",""
38,"qzo3p7rtp52sz26wdx8gi3ni","가다","идти, ехать",16,true,30,"2025-03-22T09:38:41.172Z","2025-03-22T09:38:46.962Z","",""
40,"hmt4096a8sfupyijkfbw22lw","한번","один раз",16,true,30,"2025-03-22T09:39:19.148Z","2025-03-22T09:39:24.825Z","",""
42,"prqcumjhpoz9u3if5w0dzkbh","운동선수","спортсмен",16,true,30,"2025-03-22T09:40:04.729Z","2025-03-22T09:40:10.169Z","",""
44,"gwt7t39sly2bmt8mogsx7kdg","꿈","сон/ мечта",16,true,30,"2025-03-22T09:40:47.878Z","2025-03-22T09:40:54.001Z","",""
46,"n3sqbn6e1186rbfttw2tj8di","몇 시간","сколько часов/ нескольких часов",16,true,30,"2025-03-22T09:41:31.059Z","2025-03-22T09:41:37.127Z","",""
48,"wmx1qby0m23w12s88g13858v","주말","выходные",16,true,30,"2025-03-22T09:42:05.788Z","2025-03-22T09:42:11.388Z","",""
50,"vuq7xyk8fgsfjv27eyd53lz9","매일","каждый день",16,true,30,"2025-03-22T09:42:46.887Z","2025-03-22T09:42:53.578Z","",""
52,"zhxd0qcizfnzotkux8wn31rj","바다","море",16,true,30,"2025-03-22T09:43:24.301Z","2025-03-22T09:43:59.263Z","",""
55,"mwhoer6j5ypy4naieydk2c6n","다양하다(다양한)","разный",16,true,30,"2025-03-22T09:44:33.821Z","2025-03-22T09:46:47.912Z","",""
57,"wbf8z25y1uornq2i7h0kq9a8","곳","место",16,true,30,"2025-03-22T09:47:53.109Z","2025-03-22T09:47:58.496Z","",""
59,"eaw6cc2srsgwibj0u6h4s36z","수업","занятие",16,true,30,"2025-03-22T09:48:45.132Z","2025-03-22T09:48:50.975Z","",""
61,"pd35pdh3zemyqldwqww70055","사람","человек",16,true,30,"2025-03-22T09:49:55.855Z","2025-03-22T09:50:01.262Z","",""
63,"a9kmxalgna7auqjz396azbl2","---고 싶다","хотеть",16,true,30,"2025-03-22T09:50:39.386Z","2025-03-22T09:50:45.228Z","",""
65,"yyhh7xzjznqvxres3ewit8ym","후에","после",16,true,30,"2025-03-22T09:52:30.981Z","2025-03-22T09:52:37.095Z","",""
70,"a8ben26rqxdef8x9gidhs05y","무엇","что",16,true,30,"2025-03-22T10:04:09.749Z","2025-03-22T10:04:15.983Z","",""
72,"bnwhi50dacnzr7zx107zwcma","-공포","страх",16,true,30,"2025-03-22T10:05:10.283Z","2025-03-22T10:05:16.233Z","",""
74,"b1kvz8g6jckb3pw4aavwp4lm","좋아하다","любить",16,true,30,"2025-03-22T10:16:59.461Z","2025-03-22T10:17:05.623Z","",""
76,"e6iydlzj5khf8sj0m0ko2e6w","자주","часто",16,true,30,"2025-03-22T10:17:37.959Z","2025-03-22T10:19:41.331Z","",""
78,"yn7a5t8nwg67d2g0zogapoo8","생각","идея, мысль",16,true,30,"2025-03-22T15:26:08.406Z","2025-03-22T15:26:11.654Z","",""
80,"aoj7t3yi64wickxbhdvmb46c","아무것도","ничего",16,true,30,"2025-03-22T15:27:03.849Z","2025-03-22T15:27:33.815Z","",""
82,"uk53cruluyhakci5vdwpbwb4","소리","звук, шум",16,true,30,"2025-03-22T15:28:44.869Z","2025-03-22T15:28:48.280Z","",""
85,"e78t8qskk8xe4jzsp5kglbmi","들리다(들려요)","слышаться",16,true,30,"2025-03-22T15:31:06.385Z","2025-03-22T15:31:10.168Z","",""
87,"y41jyfmziu6yqinfx38xfn4o","듣다(들어요)","слушать",16,true,30,"2025-03-22T15:33:12.510Z","2025-03-22T15:33:15.983Z","",""
89,"d7zkz5awlroa4cb9xv0i351g","경기장","стадион",16,true,30,"2025-03-22T15:40:47.814Z","2025-03-22T15:40:53.430Z","",""
91,"ep8b8tbzpre2lemhdwvsxhp5","근처","около возле",16,true,30,"2025-03-22T15:41:38.616Z","2025-03-22T15:41:41.428Z","",""
93,"f0ojkvzw8fjqy5ltnka59euj","땅","земля",16,true,30,"2025-03-22T15:42:30.101Z","2025-03-22T15:42:32.814Z","",""
95,"gfaknll9gfdav7efht3zij1j","밑","низ",16,true,30,"2025-03-22T15:43:36.903Z","2025-03-22T15:43:39.987Z","",""
97,"w13nanlj7fh4ei3vt7fd812c","아니면","или",16,true,30,"2025-03-22T15:44:16.348Z","2025-03-22T15:44:19.497Z","",""
99,"ejn091yuzdz3ni7yzfo8c21y","호수","озеро",16,true,30,"2025-03-22T15:45:32.579Z","2025-03-22T15:45:35.536Z","",""
101,"s89so9tbxvdtijt51rybptr6","방","комната",16,true,30,"2025-03-22T15:46:24.536Z","2025-03-22T15:46:27.496Z","",""
103,"anf5ffnokigvjp3cv94j2r87","안","внутрь",16,true,30,"2025-03-22T15:47:11.573Z","2025-03-22T15:47:14.490Z","",""
105,"sb2964tz0y1gio702n1vn4va","에 대한","о about",16,true,30,"2025-03-22T15:48:31.533Z","2025-03-22T15:48:34.499Z","",""
107,"f5cnyu997q0a8s6evk3l2j82","책","книга",16,true,30,"2025-03-22T15:49:11.205Z","2025-03-22T15:49:15.877Z","",""
109,"vgkeockmwrrmwy7vgzfed01u","어떤/무슨","какой",16,true,30,"2025-03-22T15:50:21.411Z","2025-03-22T15:50:24.570Z","",""
111,"sdmy8nxnirgivg5d2xeun145","시신","труп",16,true,30,"2025-03-22T15:51:42.778Z","2025-03-22T15:51:46.247Z","",""
113,"fg5963bfrzp1744mjekaxd7u","옆","рядом",16,true,30,"2025-03-22T15:52:26.403Z","2025-03-22T15:52:29.781Z","",""
115,"lutydltw5gi4vcpkl6dzaqdt","책상","стол",16,true,30,"2025-03-22T15:53:21.645Z","2025-03-22T15:53:24.836Z","",""
117,"id4mwni6kvaflbjglr84io6h","의자","стул",16,true,30,"2025-03-22T15:55:11.938Z","2025-03-22T15:55:15.398Z","",""
119,"pa1h4jbq90fev081jo3k9v4o","가방","рюкзак",16,true,30,"2025-03-22T15:58:20.085Z","2025-03-22T15:58:23.256Z","",""
121,"kep7xq292q3ol569f5z0uiqy","몇 대","сколько (машины, трактора, лодки, самолёты",16,true,30,"2025-03-22T16:00:50.371Z","2025-03-22T16:00:52.957Z","",""
123,"cbz6tpeiqp7pid5m5rfpo7vs","몇 명","сколько(человек)",16,true,30,"2025-03-22T16:02:21.200Z","2025-03-22T16:02:24.488Z","",""
125,"dnz9978g5yxa8mf0hxg3mlo0","몇개","сколько(простые стуки)",16,true,30,"2025-03-22T16:03:22.615Z","2025-03-22T16:03:55.979Z","",""
127,"mxnfcn2if40tumyfynsh9zni","이번 년","этот год",16,true,30,"2025-03-22T16:05:12.574Z","2025-03-22T16:05:15.339Z","",""
129,"b528xulakqwofozsq9otopr4","이번 달","этот месяц",16,true,30,"2025-03-22T16:06:11.261Z","2025-03-22T16:06:13.851Z","",""
131,"so3wkrxxliw6aw6azoidq77r","이번주","эта неделя",16,true,30,"2025-03-22T16:07:24.407Z","2025-03-22T16:07:27.777Z","",""
133,"fvlqrzw3qaw8o44rqqkdcjp5","환자","пациент",16,true,30,"2025-03-22T16:08:12.311Z","2025-03-22T16:08:14.986Z","",""
135,"c24j14hiiai755fhlrkns914","병원","больница",16,true,30,"2025-03-22T16:09:04.682Z","2025-03-22T16:09:07.542Z","",""
137,"cec4rsbh844060nyjb000s80","의사","врач",16,true,30,"2025-03-22T16:10:18.786Z","2025-03-22T16:10:21.272Z","",""
139,"eiejyluax4zq2hwjxuxlar1o","멜론과 수박","дыня и арбуз",16,true,30,"2025-03-22T16:11:26.447Z","2025-03-22T16:11:29.531Z","",""
143,"pubyui4mnqlc7ehnyau2nru7","싫어하다","ненавидеть, не любить ",16,true,30,"2025-03-22T16:19:14.232Z","2025-03-22T16:19:17.759Z","",""
145,"my4z8lqbakvt56p491j48mvc","모두","все",16,true,30,"2025-03-22T16:20:20.851Z","2025-03-22T16:20:24.091Z","",""
147,"oon43dno9gfzh5g6y8b1s1xz","오늘","сегодня",16,true,30,"2025-03-22T16:22:08.188Z","2025-03-22T16:22:11.103Z","",""
149,"w0capkkdg70hf4gp5uw7jdvc","가보다","идти и видеть ",16,true,30,"2025-03-22T16:23:11.450Z","2025-03-22T16:23:14.566Z","",""
151,"gd7lr9mf9a72ufn9e8dtg03q","축제","фестиваль",16,true,30,"2025-03-22T16:24:02.254Z","2025-03-22T16:24:05.250Z","",""
153,"kuundth9tiafase6tfk43nyo","알다","знать",16,true,30,"2025-03-22T16:25:03.132Z","2025-03-22T16:25:06.507Z","",""
155,"ddowot70vuin5y34wsv0damf","모르다","не знать",16,true,30,"2025-03-22T16:25:55.075Z","2025-03-22T16:26:00.605Z","",""
157,"p6xgdawjpqry1xs6d8m8zr7n","재미있다","интересно",16,true,30,"2025-03-22T16:27:32.010Z","2025-03-22T16:27:35.010Z","",""
159,"xfugfpgho6kfqge7q9j4gdpz","재미없다","не интересно ",16,true,30,"2025-03-22T16:29:53.010Z","2025-03-22T16:29:58.269Z","",""
161,"aanfh0meoiz32m9zom7b9y2q","청소","уборка",16,true,30,"2025-03-22T16:31:18.563Z","2025-03-22T16:31:21.133Z","",""
163,"bda6nnmbc2p1tchqnj5sgniq","아프다","больной ",16,true,30,"2025-03-22T16:32:48.214Z","2025-03-22T16:32:51.954Z","",""
165,"gf9ozwea3xpapt7jcwrdgwag","허리","пояс",16,true,30,"2025-03-22T16:34:41.685Z","2025-03-22T16:34:45.245Z","",""
167,"gnpw73tbt6ixj7kc8l8ic7db","등","спина",16,true,30,"2025-03-22T16:35:42.409Z","2025-03-22T16:35:45.515Z","",""
169,"v9szfcin65ik9o3jhqccjw8t","팔","рука",16,true,30,"2025-03-22T16:37:05.934Z","2025-03-22T16:37:09.270Z","",""
171,"tkzmy29nm9ra6fqe6thd3wxt","머리","голова",16,true,30,"2025-03-22T16:37:54.199Z","2025-03-22T16:37:57.379Z","",""
173,"o3chyk84kwrx70zw7vm16nzy","다리","гога",16,true,30,"2025-03-22T16:39:04.737Z","2025-03-22T16:39:09.342Z","",""
175,"p1zdg05omj8n9vmql8lc9prw","손","палец",16,true,30,"2025-03-22T16:39:53.470Z","2025-03-22T16:39:56.900Z","",""
177,"rhc5ro7nd6id6nt65iwtpf25","목","шея",16,true,30,"2025-03-22T16:40:51.606Z","2025-03-22T16:40:54.686Z","",""
179,"jloxzpb0wtvyjen0fz8ucwgr","배","живот",16,true,30,"2025-03-22T16:45:15.862Z","2025-03-22T16:45:19.077Z","",""
181,"g701nyabpyxhgnq63vhawgv8","기침","кашель",16,true,30,"2025-03-22T16:47:12.335Z","2025-03-22T16:47:17.324Z","",""
183,"bxig4tjfyc9k0hp8nz0bdyz7","이야기하다","разговаривать ",16,true,30,"2025-03-24T11:27:04.354Z","2025-03-24T11:27:11.533Z","",""
185,"hnru9m7rbobroyc53qdk2eqa","보다(봐요)","смотреть",16,true,30,"2025-03-24T11:28:39.394Z","2025-03-24T11:28:54.786Z","",""
187,"m8lj77n00ijlbfxlx3nfn0wb","경찰-","полицейский",16,true,30,"2025-03-24T11:30:07.680Z","2025-03-24T11:31:01.644Z","",""
189,"rudchci68vixxhkzk7g0wy0x","읽다-","читать",16,true,30,"2025-03-24T11:32:11.440Z","2025-03-24T11:32:18.971Z","",""
191,"asyz0z39b8x4tjb7ckl30ovy","회사원","сотрудник в компании ",16,true,30,"2025-03-24T11:33:13.592Z","2025-03-24T11:33:29.137Z","",""
193,"cezc50oosv27wwekskhux8kx","멍청하다-","глупый",16,true,30,"2025-03-24T11:35:18.848Z","2025-03-24T11:36:24.328Z","",""
196,"b6cptqu6owdsaq8rvylfpdkp","떠나다(떠나요)-","отправляться",16,true,30,"2025-03-24T11:39:41.285Z","2025-03-24T11:39:55.202Z","",""
200,"huwlkr15pa97oax034evun6f","어렵다(어려워요)-","трудно",16,true,30,"2025-03-24T11:43:39.158Z","2025-03-24T11:44:38.578Z","",""
202,"jv5i81ewkst29bxaybgtcwyh","쉽다(쉬워요)-","легко",16,true,30,"2025-03-24T11:48:06.278Z","2025-03-24T11:48:13.071Z","",""
204,"fnchi5l0icpg1zxplla39hbq","도와주다(도와줘요)-","помочь",16,true,30,"2025-03-24T12:01:27.210Z","2025-03-24T12:01:35.552Z","",""
206,"eh8u0u5m2y90dwc4pozklron","빵","хлеб",16,true,30,"2025-03-24T12:07:28.418Z","2025-03-24T12:07:35.910Z","",""
208,"i963v0c34w3jxvfdryncu4b4","꽃-","цветок",16,true,30,"2025-03-24T12:10:51.484Z","2025-03-24T12:10:59.098Z","",""
210,"afne9sniqjqenwu0hsge78z1","사과-","яблоко",16,true,30,"2025-03-24T12:15:09.103Z","2025-03-24T12:15:16.487Z","",""
212,"y4srgvnvgymsfoo6qpnnm7hr","기다리다(기다려요)-","ждать",16,true,30,"2025-03-24T12:15:51.091Z","2025-03-24T12:15:58.314Z","",""
214,"lupogwcgmngkcjl89qu0i1oj","아무거나-","что нибудь",16,true,30,"2025-03-24T12:16:39.893Z","2025-03-24T12:16:54.517Z","",""
217,"yrgs9rimtlkschga9xko7zh9","필요하다(필요한)-","нужный need",16,true,30,"2025-03-24T12:17:25.879Z","2025-03-24T12:17:32.455Z","",""
219,"mjq7mccowq64zcx5ujohpeqp","얼마나","сколько",16,true,30,"2025-03-24T12:18:41.293Z","2025-03-24T12:18:46.591Z","",""
221,"mynq5x624svjg4f56m5nxr1m","신다(신어요)","обувать, носить про foot",16,true,30,"2025-03-24T12:20:55.618Z","2025-03-24T12:21:31.188Z","",""
223,"ok7nsxilv03bs1zw2mvz5623","유명하다(유명한, 유명해요)","известный",16,true,30,"2025-03-24T12:24:57.382Z","2025-03-24T12:25:03.720Z","",""
225,"jsl3dmmeldqfx9ft1bty95dd","마시다(마셔요)","пить",16,true,30,"2025-03-24T12:26:04.510Z","2025-03-24T12:26:13.464Z","",""
227,"j8ing60xa6a688ekkgug3x9y","가장 중요한 것-","самая важная вещь",16,true,30,"2025-03-24T12:27:50.303Z","2025-03-24T12:28:04.243Z","",""
229,"fpcu8v3fc38kjtxj3bo5ciod","인생-","жизнь",16,true,30,"2025-03-24T12:30:48.608Z","2025-03-24T12:30:54.156Z","",""
231,"bwkwju5s4u1hnreofj101kvq","쓰다(써요)","надевать очки кепки",16,true,30,"2025-03-24T12:33:19.082Z","2025-03-24T12:34:55.839Z","",""
235,"ry83qle95qxttl08nx8d4px8","싸우다(싸워요)","драться",16,true,30,"2025-03-24T12:36:28.746Z","2025-03-24T12:36:36.423Z","",""
237,"wxosjgyh5fc6dybi29cmufd3","무섭다(무서워요, 무서운)","страшный",16,true,30,"2025-03-24T12:37:11.459Z","2025-03-24T12:37:18.140Z","",""
239,"b8uu4z9xczhdaqj8jkjp3p5g","(으)ㄹ 수 있다.","играть на гитаре",16,true,30,"2025-03-24T12:37:52.055Z","2025-03-24T12:38:00.355Z","",""
241,"qc5ibazvg0jhlrim67i4ge7r","지뢰","апельсин",16,false,30,"2025-03-24T12:39:38.056Z","2025-03-24T12:39:45.072Z","",""
243,"yol1v7ujkyvavik9mem09mo6","조심하다","спешить",16,false,30,"2025-03-24T12:40:24.234Z","2025-03-24T12:40:32.816Z","",""
245,"ps63c7zfc56hefx8uu8nje3p","겨울","весна",16,false,30,"2025-03-24T12:41:06.734Z","2025-03-24T12:41:13.583Z","",""
247,"zj2kvho1ixavtfj8h6ks5gvt","귤","лимон",16,false,30,"2025-03-24T12:41:53.333Z","2025-03-24T12:42:00.821Z","",""
249,"fbach3a7wula1x2fy9huyrh7","많이 먹다","готовить еду",16,false,30,"2025-03-24T12:42:38.402Z","2025-03-24T12:42:45.961Z","",""
251,"a3mneom4w6nes9imimlraqxq","많이 먹다","невкусный",16,false,30,"2025-03-24T12:43:40.968Z","2025-03-24T12:43:50.673Z","",""
253,"y8bi7gwsxe6ld04uvpr7432w","맛있다.","невкусный",16,false,30,"2025-03-24T12:45:09.340Z","2025-03-24T12:45:16.388Z","",""
255,"te63r4pvox2nj0lcn2gm9ms5","차(자동차)","велосипед",16,false,30,"2025-03-24T12:46:25.536Z","2025-03-24T12:46:35.854Z","",""
257,"dwcx4m9tjxbua9a9brevr686","시간","воздух",16,false,30,"2025-03-24T12:47:21.113Z","2025-03-24T12:47:28.883Z","",""
259,"kg5lg6rzui5gak0efg3fnb3z","여행하다","работать",16,false,30,"2025-03-24T12:48:13.890Z","2025-03-24T12:48:24.785Z","",""
261,"q242h3ilp9np6nghymmtzr0k","놀다(놀아요)","спать",16,false,30,"2025-03-24T12:49:09.989Z","2025-03-24T12:49:18.476Z","",""
263,"d5bv4ajfj9cyamx3fbrr1r37","걷다(걸어요) ","бежать",16,false,30,"2025-03-24T12:49:54.592Z","2025-03-24T12:50:01.712Z","",""
265,"xy2fityaitnbemq32i1afv8e","---(어/아)야 하다","запрещено",16,false,30,"2025-03-24T12:50:40.282Z","2025-03-24T12:50:47.397Z","",""
267,"qkktoq6sct3he59oaduwv2jv","----동안","перед",16,false,30,"2025-03-24T12:51:44.057Z","2025-03-25T08:12:59.222Z","",""
269,"zgh1grmprvj18odfwvra58qp","----(으)ㄹ 때","после",16,false,30,"2025-03-24T12:53:08.904Z","2025-03-24T12:53:15.583Z","",""
271,"xyahcpeainss7u9638uzfqef","항상","иногда",16,false,30,"2025-03-24T12:54:06.070Z","2025-03-24T12:54:14.208Z","",""
273,"mxjjesilaf576cuwr3ch3tj5","공부하다","отдыхать",16,false,30,"2025-03-24T12:55:01.387Z","2025-03-24T12:55:08.844Z","",""
275,"sdiq3zcis86nnjsiaziyoxij","죽다","спать",16,false,30,"2025-03-24T12:56:14.901Z","2025-03-24T12:56:26.352Z","",""
277,"ovx41ydj8ttxwcmw1tjiuwnr","--(으)ㄹ 수 있다","запрещено",16,false,30,"2025-03-24T12:57:32.987Z","2025-03-24T12:57:41.186Z","",""
279,"f70u5vyhsm6uib982489as3u","오랫동안","недолго",16,false,30,"2025-03-24T12:58:16.370Z","2025-03-24T12:58:24.332Z","",""
281,"cebx22c0v100if08d1c02r88","가다","стоять",16,false,30,"2025-03-24T12:58:59.409Z","2025-03-24T12:59:07.294Z","",""
283,"mccke10uwgbiv195csialnum","한번","дважды",16,false,30,"2025-03-24T12:59:47.235Z","2025-03-24T12:59:54.127Z","",""
285,"l79mbvjvm2u2soxwebbb0li9","운동선수","врач",16,false,30,"2025-03-24T13:00:51.671Z","2025-03-24T13:00:58.380Z","",""
287,"zbxbomd01a2anoad4my9vux9","꿈","реальность",16,false,30,"2025-03-24T13:02:54.500Z","2025-03-24T13:03:02.270Z","",""
289,"ibpftws65vi060ehvzh823op","몇 시간","ровно один час",16,false,30,"2025-03-24T13:07:40.497Z","2025-03-24T13:07:48.309Z","",""
291,"y9679u61kfo8zwaomf0hkb70","주말","будни",16,false,30,"2025-03-24T13:08:27.775Z","2025-03-24T13:08:36.501Z","",""
293,"yyfjre3m0gegm3ssbtzgj48a","매일","раз в неделю",16,false,30,"2025-03-24T13:26:32.948Z","2025-03-24T13:26:38.640Z","",""
295,"calnzecidz3y12sqzk3kcbz3","위","внутри",16,false,30,"2025-03-24T13:27:55.778Z","2025-03-24T13:29:25.268Z","",""
297,"qip35uj55ts2p3j1imzargq7","바다","река",16,false,30,"2025-03-24T13:30:01.848Z","2025-03-24T13:30:09.184Z","",""
299,"qzyfflamu1o8xr01fin6hutg","다양하다(다양한)","одинаковый",16,false,30,"2025-03-24T13:30:53.665Z","2025-03-24T13:31:00.970Z","",""
301,"jrojmw2zhrgf3jwip740etko","곳","предмет",16,false,30,"2025-03-24T13:31:53.603Z","2025-03-24T13:32:05.298Z","",""
303,"pbjjxnh39n77k68vesq5nc35","곳","перерыв",16,false,30,"2025-03-24T13:32:57.518Z","2025-03-24T13:33:14.641Z","",""
305,"obnfgpnzzcavk9v9da15q0d8","사람","животное",16,false,30,"2025-03-24T13:33:42.964Z","2025-03-24T13:33:49.373Z","",""
307,"at6u6fjrhpfwwh7xg1o80xwp","---고 싶다","не хотеть",16,false,30,"2025-03-24T13:34:25.737Z","2025-03-24T13:34:32.456Z","",""
309,"a7u590hoyvhie48vc06j4wkj","--후에","перед",16,false,30,"2025-03-24T13:35:13.146Z","2025-03-24T13:35:20.567Z","",""
311,"i0ovbnzcmapga3vndw5544m2","무엇","кто",16,false,30,"2025-03-24T13:36:03.996Z","2025-03-24T13:36:12.087Z","",""
313,"mkiow8nnduz19x1engxcy2d2","공포","радость",16,false,30,"2025-03-24T13:36:51.322Z","2025-03-24T13:36:57.999Z","",""
315,"zpr1adows45zbfewkxhlm2cs","좋아하다","ненавидеть",16,false,30,"2025-03-24T13:37:30.808Z","2025-03-24T13:37:38.354Z","",""
317,"oaeqn9vyfm8qdgxgrph022x9","자주","редко",16,false,30,"2025-03-24T13:38:12.014Z","2025-03-24T13:38:19.238Z","",""
319,"ripqx9tq4szxpjbs8ua9fepl","생각","забывчивость",16,false,30,"2025-03-24T13:38:49.998Z","2025-03-24T13:38:56.640Z","",""
321,"fy8qbf3spljavgopqvpryxc7","아무것도","всё",16,false,30,"2025-03-24T13:39:31.913Z","2025-03-24T13:39:39.085Z","",""
323,"qpfyhcqn5t95dp0y2mjuf7u0","소리","тишина",16,false,30,"2025-03-24T13:40:28.357Z","2025-03-24T13:40:36.771Z","",""
325,"tvlwvtk62wv24a3rb94j4l3f","듣다(들어요)","говорить",16,false,30,"2025-03-24T13:43:49.758Z","2025-03-24T13:44:09.401Z","",""
327,"vfv7x28rhhyfcpbs48zvbv6e","듣다(들어요)","молчать",16,false,30,"2025-03-24T13:44:42.759Z","2025-03-24T13:44:49.313Z","",""
329,"guovxp2i0j3tmnz5cs8yuzxx","그러면","однако",16,false,30,"2025-03-24T13:47:34.572Z","2025-03-24T13:47:52.456Z","",""
331,"zvm8rmj8jh0cy4gyurumgtjp","경기장","больница",16,false,30,"2025-03-24T13:48:35.919Z","2025-03-24T13:48:44.509Z","",""
333,"sb7thvob1angxse506gp8asa","근처","далеко",16,false,30,"2025-03-24T13:52:21.978Z","2025-03-24T13:52:31.021Z","",""
335,"fc5953lpocgt34horxmdeta3","땅","вода",16,false,30,"2025-03-24T13:53:21.013Z","2025-03-24T13:53:28.389Z","",""
337,"eg2qsdjzskdao411zr7xhag6","밑","середина",16,false,30,"2025-03-24T13:54:19.754Z","2025-03-24T13:54:31.808Z","",""
339,"o20qs3nbko1436s3emtmkk0e","아니면","и",16,false,30,"2025-03-24T13:55:31.021Z","2025-03-24T13:55:40.738Z","",""
341,"fawxj01sb37pxxrtz2b2a28y","호수","гора",16,false,30,"2025-03-24T13:56:32.099Z","2025-03-24T13:56:39.886Z","",""
344,"zsqvqxec5n7zlq6gzv6dau47","만나다/만나요"," встречать",16,true,30,"2025-04-29T14:04:32.898Z","2025-04-29T14:04:32.898Z","",""
346,"b7177yuaf2fjfgv1unf4064t","만나다/만나요","увидеть",16,false,30,"2025-04-29T14:05:55.978Z","2025-04-29T14:05:55.978Z","",""
348,"lre0l4kj6lmywtkhd6farfol","천국","рай",16,true,30,"2025-04-29T14:07:28.107Z","2025-04-29T14:07:28.107Z","",""
350,"jv6px9zciydytdttqtkzhe69","천국","мечта",16,false,30,"2025-04-29T14:09:51.636Z","2025-04-29T14:09:51.636Z","",""
352,"tsqxskodaj5dyiy72a4orc1k","여러 번","несколько раз",16,true,30,"2025-04-29T14:11:25.169Z","2025-04-29T14:11:25.169Z","",""
354,"izsnbo4ioenfeih57kv8y86d","여러 번","много",16,false,30,"2025-04-29T14:14:37.405Z","2025-04-29T14:14:37.405Z","",""
356,"i42irnfmgj6j9a0j07jeoppu","바라다/바래요","надеяться",16,true,30,"2025-04-29T15:20:16.815Z","2025-04-29T15:20:16.815Z","",""
358,"bmxoaedjpk7lpl3kuq8pxz3z","바라다/바래요","верить",16,false,30,"2025-04-29T15:21:38.374Z","2025-04-29T15:21:38.374Z","",""
360,"a149a28nrjnhpoopgsss44kv","장식하다/장식해요","украшать",16,true,30,"2025-04-29T15:23:14.420Z","2025-04-29T15:23:14.420Z","",""
362,"zbp0h0282b1ycmgpgfmwbch9","장식하다/장식해요","праздновать",16,false,30,"2025-04-29T15:24:18.063Z","2025-04-29T15:24:18.063Z","",""
364,"i5cwypko7lotl2empvodips3","달걀, 계란","яйцо",16,true,30,"2025-04-29T15:25:20.221Z","2025-04-29T15:25:20.221Z","",""
366,"wx66g4jv33fcyw86a4wafsv8","달걀, 계란","омлет",16,false,30,"2025-04-29T15:26:45.300Z","2025-04-29T15:26:45.300Z","",""
368,"nlb072n2u1jvixr15ma9313l","끝"," конец ",16,true,30,"2025-04-29T15:27:44.705Z","2025-04-29T15:27:44.705Z","",""
370,"hq2cwm7l0dqgh52k9mfbz5zg","끝","начало",16,false,30,"2025-04-29T15:28:44.028Z","2025-04-29T15:28:44.028Z","",""
372,"h85vdym89vupawzs57c59z4c","닦다","мыть",16,true,30,"2025-04-29T15:29:50.425Z","2025-04-29T15:29:50.425Z","",""
374,"n3k7j9mxsu6ljmtakywaq41v","닦다","испачкать",16,false,30,"2025-04-29T15:30:53.503Z","2025-04-29T15:30:53.503Z","",""
376,"c250oku1dxnwag65tobj3569","이","зуб",16,true,30,"2025-04-29T15:31:57.763Z","2025-04-29T15:31:57.763Z","",""
378,"epkc2e1iwp5pa85dvntacp70","이","рот",16,false,30,"2025-04-29T15:33:00.440Z","2025-04-29T15:33:00.440Z","",""
380,"o0ekushwl92kzxyjuonuckwv","아침"," завтрак, утро",16,true,30,"2025-04-29T15:33:54.992Z","2025-04-29T15:33:54.992Z","",""
382,"ydbbv9pt6bgjx60lfkfk8hof","아침","пробуждение",16,false,30,"2025-04-29T15:35:14.834Z","2025-04-29T15:35:14.834Z","",""
384,"f5s8pd2afb3oc2s0ln2au8sr","손","рука",16,true,30,"2025-04-29T15:36:42.195Z","2025-04-29T15:36:42.195Z","",""
386,"wj2f38n3bsnlkj9euinnly5s","손","палец",16,false,30,"2025-04-29T15:37:39.797Z","2025-04-29T15:37:39.797Z","",""
388,"qyf8gtv36875vwi9imj90rcg","준비하다"," собираться",16,true,30,"2025-04-29T15:38:44.290Z","2025-04-29T15:38:44.290Z","",""
390,"jmjawo0v4vq9q0t9713kfhxh","준비하다","готовиться",16,false,30,"2025-04-29T15:40:05.188Z","2025-04-29T15:40:05.188Z","",""
392,"kon96l0e52ck7q6yjk0e0t8t","준비운동","разминка",16,true,30,"2025-04-29T15:41:09.062Z","2025-04-29T15:41:09.062Z","",""
394,"xez7ptwgpp0c35qygt12528k","준비운동","зарядка",16,false,30,"2025-04-29T15:42:09.505Z","2025-04-29T15:42:09.505Z","",""
396,"wb0vb9ufmz8kanp0e677dzl1","휴대폰"," телефон",16,true,30,"2025-04-29T15:43:11.881Z","2025-04-29T15:43:11.881Z","",""
398,"fkiy1wvnucys1iryqv5whhp1","휴대폰","звонок",16,false,30,"2025-04-29T15:44:11.982Z","2025-04-29T15:44:11.982Z","",""
400,"wvilxof2ip1jibzqexwt3dxe","쓰다/써요"," использовать ",16,true,30,"2025-04-29T15:45:43.339Z","2025-04-29T15:45:43.339Z","",""
402,"g9cq1shvm320y975xpkodjts","쓰다/써요","делать",16,false,30,"2025-04-29T15:46:55.120Z","2025-04-29T15:46:55.120Z","",""
404,"xu8czgpak0p5llzof1jl1p7z","침대를 정리하다"," застелить кровать",16,true,30,"2025-04-29T15:48:06.295Z","2025-04-29T15:48:06.295Z","",""
406,"y86japgx19kejl7xf8hkcs9f","침대를 정리하다","приготовить диван",16,false,30,"2025-04-29T15:49:01.134Z","2025-04-29T15:49:01.134Z","",""
408,"jfppiu6qbyu09ad75wqb537o","세수하다"," мыть лицо",16,true,30,"2025-04-29T15:49:59.132Z","2025-04-29T15:49:59.132Z","",""
410,"pz8alpb5j6kvsef9er4dsefx","세수하다","умываться",16,false,30,"2025-04-29T15:51:00.501Z","2025-04-29T15:51:00.501Z","",""
412,"rnrwjl3w5tka33ho8h44j4gd","정책"," политика",16,true,30,"2025-04-29T15:52:01.775Z","2025-04-29T15:52:01.775Z","",""
414,"i71607zm7z0wby67ptszhytk","정책","решение",16,false,30,"2025-04-29T15:53:05.918Z","2025-04-29T15:53:05.918Z","",""
416,"heh2taszaf2jnqvyvi5b2msx","여행사"," туристическое агентство",16,true,30,"2025-04-29T15:54:06.617Z","2025-04-29T15:54:06.617Z","",""
418,"vpchynlqq8bunvahh9t9m0zq","여행사","путешествие",16,false,30,"2025-04-29T15:55:08.934Z","2025-04-29T15:55:08.934Z","",""
420,"mxzbc7u6nlao075l0b0abyq3","표"," билет ",16,true,30,"2025-04-29T15:56:10.690Z","2025-04-29T15:56:10.690Z","",""
422,"ahth6wxko0uuo97xzjgmpbjn","표","документ",16,false,30,"2025-04-29T15:57:02.048Z","2025-04-29T15:57:02.048Z","",""
424,"f6lg5bxvo91zm8d0gcaer8fg","전화를 걸다"," звонить",16,true,30,"2025-04-29T15:58:25.459Z","2025-04-29T15:58:25.459Z","",""
426,"jcvegsjo8nx2z0ykb1wxgj1p","전화를 걸다","говорить",16,false,30,"2025-04-29T15:59:47.908Z","2025-04-29T15:59:47.908Z","",""
428,"vvnxhv169c47z10xmgd971d1","찾다/찾아요","искать",16,true,30,"2025-04-29T16:01:10.334Z","2025-04-29T16:01:10.334Z","",""
430,"l7n371b1e4w10zn3yy4lhtt9","찾다/찾아요","поиск",16,false,30,"2025-04-29T16:02:10.431Z","2025-04-29T16:02:10.431Z","",""
432,"e6yltbsjirvell2odfd40zyg","빨강","красный",16,true,30,"2025-07-12T17:30:35.113Z","2025-07-12T17:30:35.113Z","",""
434,"hwlr7qxshtchvpuroe4rggvy","하양 ","белый",16,true,30,"2025-07-12T17:31:09.765Z","2025-07-12T17:31:09.765Z","",""
436,"rb721s12pxoytxdap399d8w2","검정 ","черный",16,true,30,"2025-07-12T17:31:43.056Z","2025-07-12T17:31:43.056Z","",""
438,"gefijkoaaaym4zjrfegy3i4t","초록","зеленый",16,true,30,"2025-07-12T17:32:17.937Z","2025-07-12T17:32:17.937Z","",""
440,"og9rbbkzm4ddmmx215duekx0","파랑","синий",16,true,30,"2025-07-12T17:33:16.217Z","2025-07-12T17:33:16.217Z","",""
442,"y3he5vek6a2b29q9dls0gz98","노랑","желтый",16,true,30,"2025-07-12T17:33:59.489Z","2025-07-12T17:33:59.489Z","",""
444,"wup2l6ynrlpquw3gu65ao2jx","하늘색","голубой",16,true,30,"2025-07-12T17:34:44.163Z","2025-07-12T17:34:44.163Z","",""
446,"p5ed056wcdxdxejl69do0omz","남색","темно-синий",16,true,30,"2025-07-12T17:36:15.282Z","2025-07-12T17:36:15.282Z","",""
448,"x0rjualyfkudsqyp9m6le0gd","연두색","светло-зеленый",16,true,30,"2025-07-12T17:37:10.977Z","2025-07-12T17:37:10.977Z","",""
450,"ul308nzfphxk93a0wne6d4ht","진초록","темно-зеленый",16,true,30,"2025-07-12T17:38:01.693Z","2025-07-12T17:38:01.693Z","",""
452,"dub93z7zoc7a461dtogyzxeg","민트색 ","мятный",16,true,30,"2025-07-12T17:38:58.268Z","2025-07-12T17:38:58.268Z","",""
454,"q8yziffpz2y0z86suecnzrll","올리브색 ","оливковый",16,true,30,"2025-07-12T17:39:50.201Z","2025-07-12T17:39:50.201Z","",""
456,"czs65w7omoccg3ckplpyfe7z","베이지 ","бежевый",16,true,30,"2025-07-12T17:40:36.091Z","2025-07-12T17:40:36.091Z","",""
458,"cxlgdh2jer3r6xvb7vq678fy","복숭아색 ","персиковый",16,true,30,"2025-07-12T17:41:15.426Z","2025-07-12T17:41:15.426Z","",""
460,"j36zzymraqgus4o7pcnte2aj","연보라 ","лавандовый",16,true,30,"2025-07-12T17:41:51.696Z","2025-07-12T17:41:51.696Z","",""
462,"qm4ubsz4kevgm2cqnwh14aap","금색 ","золотой",16,true,30,"2025-07-12T17:42:18.453Z","2025-07-12T17:42:18.453Z","",""
464,"wy4su6rl0tkrn4r32dl1xf68","동색 ","бронзовый",16,true,30,"2025-07-12T17:42:49.651Z","2025-07-12T17:42:49.651Z","",""
466,"axhm6cnonjezmdk2zskxj93b","주황 ","оранжевый",16,true,30,"2025-07-12T17:43:56.428Z","2025-07-12T17:43:56.428Z","",""
468,"iitrigrek3hom1ikdettwbd5","분홍 ","розовый",16,true,30,"2025-07-12T17:44:45.999Z","2025-07-12T17:44:45.999Z","",""
470,"uezr29psmqwq9w22r3h4p6re","갈색 ","коричневый",16,true,30,"2025-07-12T17:45:42.048Z","2025-07-12T17:45:42.048Z","",""
472,"h8t2h7rjalzggda2246gtifa","회색 ","серый",16,true,30,"2025-07-12T17:46:15.256Z","2025-07-12T17:46:15.256Z","",""
474,"y2c2fetcksex7oefstna0det","보라 ","фиолетовый",16,true,30,"2025-07-12T17:46:36.741Z","2025-07-12T17:46:36.741Z","",""
476,"lnv2sz6ne99h54ypkwlpgduk","바이올렛 ","сиреневый",16,true,30,"2025-07-12T17:47:04.436Z","2025-07-12T17:47:04.436Z","",""
478,"vy9h7dcojpfsds5gkvv7sycy","초콜릿색 ","шоколадный",16,true,30,"2025-07-12T17:47:29.694Z","2025-07-12T17:47:29.694Z","",""
480,"kg1c4sy7jti3j56qsstxom9e","커피색 ","кофейный",16,true,30,"2025-07-12T17:48:02.927Z","2025-07-12T17:48:02.927Z","",""
482,"tfdinon5hzmk6t929opcuf4t","연갈색 ","светло-коричневый",16,true,30,"2025-07-12T17:48:32.068Z","2025-07-12T17:48:32.068Z","",""
484,"lf98sxe9u9rhnkgnm2ic9qc1","진갈색 ","темно-коричневый",16,true,30,"2025-07-12T17:49:02.431Z","2025-07-12T17:49:02.431Z","",""
486,"w3kj5rosz4r68or1qx5gn32g","아이보리 ","слоновая кость",16,true,30,"2025-07-12T17:49:43.906Z","2025-07-12T17:49:43.906Z","",""
488,"mi3yd3q7inzqqwbbkoracg17","연회색 ","светло-синий",16,true,30,"2025-07-12T17:50:05.512Z","2025-07-12T17:50:31.468Z","",""
491,"pmeg1qvzdtv494fk2l4ten7b","짙은회색 ","угольный",16,true,30,"2025-07-12T17:51:11.852Z","2025-07-12T17:51:11.852Z","",""
493,"ei663k96znpabp5x3qlvgwrq","진회색 ","темно-серый",16,true,30,"2025-07-12T17:51:40.271Z","2025-07-12T17:51:40.271Z","",""
495,"pxp7rtqys7x9flausx2p8qo7","터키색 ","бирюзовый",16,true,30,"2025-07-12T17:52:06.044Z","2025-07-12T17:52:06.044Z","",""
497,"s8malc5mhij35ru9o6zpycez","시안 ","циан",16,true,30,"2025-07-12T17:53:04.384Z","2025-07-12T17:53:04.384Z","",""
499,"y3iay5sqqi9y5ofq7d9xk4mf","마젠타 ","пурпурный",16,true,30,"2025-07-12T17:53:56.070Z","2025-07-12T17:53:56.070Z","",""